-- phpMyAdmin SQL Dump
-- version 5.1.1
-- https://www.phpmyadmin.net/
--
-- Host: 127.0.0.1:3306
-- Generation Time: Nov 26, 2023 at 12:49 PM
-- Server version: 10.5.19-MariaDB-cll-lve
-- PHP Version: 7.2.34

SET SQL_MODE = "NO_AUTO_VALUE_ON_ZERO";
START TRANSACTION;
SET time_zone = "+00:00";


/*!40101 SET @OLD_CHARACTER_SET_CLIENT=@@CHARACTER_SET_CLIENT */;
/*!40101 SET @OLD_CHARACTER_SET_RESULTS=@@CHARACTER_SET_RESULTS */;
/*!40101 SET @OLD_COLLATION_CONNECTION=@@COLLATION_CONNECTION */;
/*!40101 SET NAMES utf8mb4 */;

--
-- Database: `u910794608_adnan`
--

-- --------------------------------------------------------

--
-- Table structure for table `customer`
--

CREATE TABLE `customer` (
  `id` int(11) NOT NULL,
  `name` varchar(255) NOT NULL,
  `mobile` varchar(20) NOT NULL,
  `email` varchar(100) NOT NULL,
  `details` text NOT NULL,
  `address` text NOT NULL,
  `pending` double NOT NULL,
  `status` int(11) NOT NULL
) ENGINE=InnoDB DEFAULT CHARSET=utf8mb4 COLLATE=utf8mb4_general_ci;

--
-- Dumping data for table `customer`
--

INSERT INTO `customer` (`id`, `name`, `mobile`, `email`, `details`, `address`, `pending`, `status`) VALUES
(14, 'amin shaikh', '9096575199', '', '-\r\n', 'billur', 276811, 1),
(15, 'sultan basargi', '8805661876', '', '-\r\n\r\n\r\n', 'billur', 163000, 1),
(16, 'nadin shaikh', '9158647228', '', 'custmer', 'billur', 636856, 1),
(17, 'javed faras', '9011948100', '', '-', 'puna', 297434, 1),
(18, 'baba jahir', '7517869555', '', '-', '-', 744706, 1),
(19, 'D F C', '8055404195', '', '-', '--', 489732, 1),
(21, 'nabisab bhaiya', '9421154502', '', '--', '-', 568150, 1),
(22, 'amir mulla', '7498339511', '', '-', '', 97608, 1),
(23, 'bilal umarani', '7387073995', '', '-', '-', 311364, 1),
(25, 'raju teggi', '7760735849', '', '', '--', 223085, 1),
(26, 'S R B', '9657800757', '', '-', '-', 610660, 1),
(34, 'tosif N S  F', '9545927742', '', '-', '-', 312879, 1),
(35, 'M K B', '9096842652', '', '-', '-', 43890, 1),
(39, 'G H R', '7719844935', '', '-', '-', 0, 1),
(40, 'Yasin lfc', '9130417751', '', '....', '...', 123656, 1),
(41, 'Akbar chacha', '7522987213', '', '...', '...', 115350, 1),
(44, 'Saheblal Kakmari', '7522987212', '', '.....', '.....', 49400, 1),
(45, 'tippana pati', '09684265800', '', '.', '.', 0, 1),
(46, 'ashpak vhanwad', '9763859419', '', '.', '.', 26326, 1);

-- --------------------------------------------------------

--
-- Table structure for table `login`
--

CREATE TABLE `login` (
  `id` int(11) NOT NULL,
  `username` varchar(255) NOT NULL,
  `password` varchar(255) NOT NULL,
  `email` varchar(255) NOT NULL,
  `name` varchar(255) NOT NULL,
  `status` int(11) NOT NULL
) ENGINE=InnoDB DEFAULT CHARSET=utf8mb4 COLLATE=utf8mb4_general_ci;

--
-- Dumping data for table `login`
--

INSERT INTO `login` (`id`, `username`, `password`, `email`, `name`, `status`) VALUES
(1, 'shailesh', 'e10adc3949ba59abbe56e057f20f883e', 'shdinde@gmail.com', 'Shailesh Dinde', 1),
(2, 'adnan', 'bf3a9b585f5a51d3969e342e01369b4f', 'demo@gmal.com', 'Alimurtuja Umarani', 1);

-- --------------------------------------------------------

--
-- Table structure for table `payment_received`
--

CREATE TABLE `payment_received` (
  `id` int(11) NOT NULL,
  `customerid` int(11) NOT NULL,
  `date` date NOT NULL,
  `amount` double NOT NULL,
  `mode` varchar(100) NOT NULL,
  `details` text NOT NULL,
  `lastupdate` timestamp NOT NULL DEFAULT current_timestamp() ON UPDATE current_timestamp(),
  `updatedby` int(11) NOT NULL,
  `status` int(11) NOT NULL DEFAULT 1
) ENGINE=InnoDB DEFAULT CHARSET=utf8mb4 COLLATE=utf8mb4_general_ci;

--
-- Dumping data for table `payment_received`
--

INSERT INTO `payment_received` (`id`, `customerid`, `date`, `amount`, `mode`, `details`, `lastupdate`, `updatedby`, `status`) VALUES
(6, 16, '2023-01-16', 80000, 'Online', '4166', '2023-01-16 22:00:07', 2, 1),
(7, 22, '2023-01-16', 150000, 'Cash', '1137\r\n98000+52000', '2023-01-16 22:05:54', 2, 0),
(8, 18, '2023-01-16', 300000, 'Online', '4166', '2023-01-16 22:02:27', 2, 1),
(9, 19, '2023-01-16', 250000, 'Cheque', 'Data=1137', '2023-01-16 22:02:59', 2, 1),
(10, 25, '2023-01-16', 50000, 'Online', '1137', '2023-01-16 22:03:34', 2, 1),
(11, 26, '2023-01-16', 200000, 'Online', 'Ashpak 1137', '2023-01-16 22:04:26', 2, 1),
(12, 34, '2023-01-16', 200000, 'Online', '1137', '2023-01-16 22:05:02', 2, 1),
(13, 14, '2023-01-16', 150000, 'Online', '1137\r\n98000+52000', '2023-01-16 22:06:46', 2, 1),
(14, 23, '2023-01-17', 200000, 'Cheque', 'gani check take umar', '2023-01-19 13:41:06', 2, 1),
(15, 21, '2023-01-17', 200000, 'Cheque', 'sharukh take nabi', '2023-01-19 13:41:48', 2, 1),
(16, 17, '2023-01-17', 50000, 'Online', '..', '2023-01-19 13:43:14', 2, 1),
(17, 25, '2023-01-17', 50000, 'Online', '..', '2023-01-19 13:44:03', 2, 1),
(18, 15, '0000-00-00', 100000, 'Cheque', 'ali', '2023-01-19 13:46:59', 2, 0),
(19, 41, '2023-01-17', 50000, 'Cash', '30000=20000', '2023-01-19 13:45:03', 2, 1),
(20, 22, '2023-01-17', 50000, 'Online', '..', '2023-01-19 13:45:38', 2, 1),
(21, 40, '2023-01-17', 50000, 'Online', '..', '2023-01-19 13:46:08', 2, 1),
(22, 15, '2023-01-17', 100000, 'Cheque', '.', '2023-01-19 13:47:30', 2, 1),
(23, 14, '2023-01-18', 30000, 'Online', '.', '2023-01-19 13:48:22', 2, 1),
(24, 16, '2023-01-18', 50000, 'Online', '..', '2023-01-19 13:50:18', 2, 1),
(25, 45, '0000-00-00', 45800, 'UPI', '.', '2023-01-19 13:51:17', 2, 0),
(26, 45, '2023-01-18', 45800, 'Cash', '..', '2023-01-19 13:51:44', 2, 1),
(27, 18, '2023-01-20', 500000, 'Online', '25000+475000', '2023-01-21 12:52:25', 2, 1),
(28, 18, '2023-01-20', 500000, 'Online', '25000+475000', '2023-01-21 12:52:50', 2, 0),
(29, 22, '2023-01-20', 80000, 'Online', '`', '2023-01-21 12:53:24', 2, 1),
(30, 34, '2023-01-20', 150000, 'Online', '.', '2023-01-21 12:57:30', 2, 1),
(31, 16, '2023-01-20', 70000, 'Online', '.', '2023-01-22 07:01:13', 2, 1),
(32, 19, '2023-01-21', 100000, 'Online', 'data pho se', '2023-01-22 07:09:17', 2, 1),
(33, 14, '2023-01-21', 50000, 'Online', 'masjid', '2023-01-22 07:29:19', 2, 1),
(34, 17, '2023-01-21', 99999, 'Online', '.', '2023-01-22 08:15:50', 2, 1),
(35, 25, '2023-01-21', 50000, 'UPI', 'tariq', '2023-01-22 08:16:29', 2, 1),
(36, 26, '2023-01-19', 200000, 'Online', '.', '2023-01-22 08:41:06', 2, 1),
(37, 14, '2023-01-24', 150000, 'Online', '100000+50000', '2023-01-28 08:25:14', 2, 1),
(38, 14, '2023-01-24', 50000, 'Online', '.', '2023-01-28 08:25:47', 2, 1),
(39, 14, '2023-01-27', 100000, 'Online', '.', '2023-01-28 08:26:18', 2, 1),
(40, 16, '2023-01-23', 100000, 'Online', '.', '2023-01-28 08:27:10', 2, 1),
(41, 16, '2023-01-24', 40000, 'Online', '.', '2023-01-28 08:27:52', 2, 1),
(42, 16, '2023-01-25', 90000, 'Online', '.', '2023-01-28 08:28:17', 2, 1),
(43, 16, '0000-00-00', 120000, 'Online', '.', '2023-01-28 08:34:40', 2, 1),
(44, 16, '2023-01-27', 120000, 'Online', '.', '2023-01-28 08:35:11', 2, 1),
(45, 21, '2023-01-23', 200000, 'Cheque', '.', '2023-01-28 08:36:26', 2, 1),
(46, 21, '2023-01-24', 100000, 'Cheque', '.', '2023-01-28 08:37:25', 2, 1),
(47, 22, '2023-01-23', 9000, 'Online', '.', '2023-01-28 08:38:19', 2, 1),
(48, 18, '2023-01-23', 500000, 'Online', 'pandit', '2023-01-28 08:38:50', 2, 1),
(49, 25, '2023-01-23', 50000, 'Online', '.', '2023-01-28 08:39:23', 2, 1),
(50, 19, '2023-01-23', 250000, 'Online', '.dta', '2023-01-28 08:39:54', 2, 1),
(51, 19, '2023-01-27', 100000, 'Online', 'data', '2023-01-28 08:40:35', 2, 1),
(52, 25, '2023-01-27', 100000, 'Cash', 'paku', '2023-01-28 08:41:01', 2, 1),
(53, 26, '2023-01-25', 200000, 'Online', 'as', '2023-01-28 08:43:09', 2, 1),
(54, 39, '2023-01-22', 100000, 'Cash', 'godan', '2023-01-28 09:15:22', 2, 1),
(55, 17, '2023-01-24', 80000, 'Cash', '40000+40000', '2023-01-29 08:19:28', 2, 1),
(56, 25, '2023-01-24', 50000, 'Online', 'Phone pay tariq', '2023-01-29 08:29:31', 2, 1),
(57, 14, '2023-01-31', 50000, 'Online', '.', '2023-02-11 12:03:24', 2, 1),
(58, 14, '2023-02-03', 100000, 'Online', '.', '2023-02-11 12:04:01', 2, 1),
(59, 14, '2023-02-07', 100000, 'Online', '.', '2023-02-11 12:05:22', 2, 1),
(60, 14, '2023-02-06', 150000, 'Cash', '.', '2023-02-11 12:05:48', 2, 1),
(61, 14, '2023-02-11', 50000, 'Online', '.', '2023-02-11 12:06:13', 2, 1),
(62, 16, '2023-01-30', 150000, 'Online', '120000+30000', '2023-02-11 12:09:03', 2, 1),
(63, 16, '2023-02-01', 100000, 'Online', '.', '2023-02-11 12:09:41', 2, 1),
(64, 16, '2023-02-03', 100000, 'Online', '.', '2023-02-11 12:10:27', 2, 1),
(65, 16, '2023-02-06', 200000, 'Online', '.', '2023-02-11 12:11:46', 2, 1),
(66, 16, '2023-02-08', 200000, 'Online', '.', '2023-02-11 12:12:27', 2, 1),
(67, 16, '2023-02-10', 250000, 'Online', '.', '2023-02-11 12:13:02', 2, 1),
(68, 21, '2023-01-30', 200000, 'Cheque', '.', '2023-02-11 12:16:13', 2, 1),
(69, 21, '2023-02-03', 100000, 'Cheque', '.', '2023-02-11 12:16:42', 2, 1),
(70, 21, '2023-02-06', 200000, 'Cheque', '.', '2023-02-11 12:17:17', 2, 1),
(71, 21, '2023-02-10', 150000, 'Cheque', '.', '2023-02-11 12:17:49', 2, 1),
(72, 17, '2023-01-30', 100000, 'Online', '.', '2023-02-11 12:19:18', 2, 1),
(73, 17, '2023-02-02', 100000, 'UPI', '49999\r\n50000', '2023-02-11 12:19:57', 2, 1),
(74, 17, '2023-02-09', 120000, 'Cheque', '.', '2023-02-11 12:20:29', 2, 1),
(75, 19, '2023-02-01', 250000, 'Cheque', '.', '2023-02-11 12:21:57', 2, 1),
(76, 19, '2023-02-03', 100000, 'Online', '.', '2023-02-11 12:22:27', 2, 1),
(77, 19, '2023-02-08', 150000, 'Cheque', '.', '2023-02-11 12:23:13', 2, 1),
(78, 19, '2023-02-10', 100000, 'Cheque', '.', '2023-02-11 12:23:42', 2, 1),
(79, 25, '2023-01-31', 50000, 'UPI', '.', '2023-02-11 12:25:11', 2, 1),
(80, 25, '2023-02-01', 50000, 'Online', '.', '2023-02-11 12:25:42', 2, 1),
(81, 25, '2023-02-06', 50000, 'UPI', '.', '2023-02-11 12:26:24', 2, 1),
(82, 25, '2023-02-08', 50000, 'Online', '.', '2023-02-11 12:27:00', 2, 1),
(83, 25, '2023-02-08', 50000, 'Online', '.', '2023-02-11 12:27:27', 2, 1),
(84, 25, '2023-02-09', 50000, 'Online', '.', '2023-02-11 12:28:02', 2, 1),
(85, 25, '2023-02-10', 50000, 'Online', '.', '2023-02-11 12:28:38', 2, 1),
(86, 22, '2023-02-13', 200000, 'Online', '.', '2023-02-19 06:03:27', 2, 1),
(87, 16, '2023-02-20', 300000, 'Online', '.', '2023-02-25 12:56:45', 2, 1),
(88, 16, '2023-02-22', 250000, 'Online', '.', '2023-02-25 12:57:07', 2, 1),
(89, 16, '2023-02-23', 150000, 'Online', '.', '2023-02-25 12:57:31', 2, 1),
(90, 16, '2023-02-24', 100000, 'Online', '.', '2023-02-25 12:57:51', 2, 1),
(91, 14, '2023-02-20', 100000, 'Online', '.', '2023-02-25 12:58:25', 2, 1),
(92, 14, '2023-02-21', 100000, 'Online', '.', '2023-02-25 12:58:43', 2, 1),
(93, 14, '2023-02-23', 100000, 'Online', '.', '2023-02-25 12:59:03', 2, 1),
(94, 21, '2023-02-20', 200000, 'Cheque', '.', '2023-02-25 12:59:47', 2, 1),
(95, 21, '2023-02-22', 300000, 'Cheque', '.', '2023-02-25 13:00:13', 2, 1),
(96, 23, '2023-02-22', 100000, 'Online', '.', '2023-02-25 13:00:43', 2, 1),
(97, 22, '2023-02-20', 150000, 'Online', '.', '2023-02-25 13:02:20', 2, 1),
(98, 17, '2023-02-20', 50000, 'Online', '.', '2023-02-25 13:03:02', 2, 1),
(99, 17, '2023-02-22', 50000, 'Online', '.', '2023-02-25 13:04:51', 2, 1),
(100, 39, '2023-02-22', 200000, 'Online', '.', '2023-02-25 13:06:04', 2, 1),
(101, 25, '2023-02-21', 100000, 'Online', 'ravi-300000+70000', '2023-02-25 13:08:32', 2, 1),
(102, 25, '2023-02-24', 50000, 'Online', '.', '2023-02-25 13:09:08', 2, 1);

-- --------------------------------------------------------

--
-- Table structure for table `payment_send`
--

CREATE TABLE `payment_send` (
  `id` int(11) NOT NULL,
  `vendorid` int(11) NOT NULL,
  `date` date NOT NULL,
  `amount` double NOT NULL,
  `mode` varchar(100) NOT NULL,
  `details` text NOT NULL,
  `lastupdate` timestamp NOT NULL DEFAULT current_timestamp() ON UPDATE current_timestamp(),
  `updatedby` int(11) NOT NULL,
  `status` int(11) NOT NULL
) ENGINE=InnoDB DEFAULT CHARSET=utf8mb4 COLLATE=utf8mb4_general_ci;

--
-- Dumping data for table `payment_send`
--

INSERT INTO `payment_send` (`id`, `vendorid`, `date`, `amount`, `mode`, `details`, `lastupdate`, `updatedby`, `status`) VALUES
(3, 7, '2022-12-24', 22000, 'UPI', 'gadi bhada', '2023-01-13 04:03:25', 2, 1);

-- --------------------------------------------------------

--
-- Table structure for table `purchase`
--

CREATE TABLE `purchase` (
  `id` int(11) NOT NULL,
  `vendorid` int(11) NOT NULL,
  `date` date NOT NULL,
  `vehicle` varchar(200) NOT NULL,
  `caret_rate` double NOT NULL,
  `box5kg_rate` double NOT NULL,
  `paper_rate` double NOT NULL,
  `tape_rate` double NOT NULL,
  `tawim_rate` double NOT NULL,
  `brbox_rate` double NOT NULL,
  `planetbox_rate` double DEFAULT 0,
  `caret_quantity` double NOT NULL,
  `box5kg_quantity` double NOT NULL,
  `paper_quantity` double NOT NULL,
  `tape_quantity` double NOT NULL,
  `tawim_quantity` double NOT NULL,
  `brbox_quantity` double NOT NULL,
  `planetbox_quantity` double DEFAULT 0,
  `pinkrim_rate` double NOT NULL DEFAULT 0,
  `pinkrim_quantity` double NOT NULL DEFAULT 0,
  `whiterim_quantity` double NOT NULL DEFAULT 0,
  `whiterim_rate` double NOT NULL DEFAULT 0,
  `discount` double NOT NULL,
  `other_charges` decimal(10,0) NOT NULL,
  `total` double NOT NULL,
  `lastupdate` timestamp NOT NULL DEFAULT current_timestamp() ON UPDATE current_timestamp(),
  `lastupdateby` int(11) NOT NULL,
  `status` int(11) NOT NULL
) ENGINE=InnoDB DEFAULT CHARSET=utf8mb4 COLLATE=utf8mb4_general_ci;

--
-- Dumping data for table `purchase`
--

INSERT INTO `purchase` (`id`, `vendorid`, `date`, `vehicle`, `caret_rate`, `box5kg_rate`, `paper_rate`, `tape_rate`, `tawim_rate`, `brbox_rate`, `planetbox_rate`, `caret_quantity`, `box5kg_quantity`, `paper_quantity`, `tape_quantity`, `tawim_quantity`, `brbox_quantity`, `planetbox_quantity`, `pinkrim_rate`, `pinkrim_quantity`, `whiterim_quantity`, `whiterim_rate`, `discount`, `other_charges`, `total`, `lastupdate`, `lastupdateby`, `status`) VALUES
(13, 7, '2022-12-24', 'mh12 mv1592', 58, 0, 0, 0, 0, 0, 0, 2731, 0, 0, 0, 0, 0, 0, 0, 0, 0, 0, 0, '0', 158398, '2023-01-13 04:00:58', 2, 1),
(14, 7, '2022-12-26', 'mh 12 qg 7207', 55, 0, 0, 0, 0, 0, 0, 2555, 0, 0, 0, 0, 0, 0, 0, 0, 0, 0, 0, '0', 140525, '2023-01-13 04:08:52', 2, 1),
(15, 7, '2022-12-26', 'mh12 lt 0164', 57, 0, 0, 0, 0, 0, 0, 3000, 0, 0, 0, 0, 0, 0, 0, 0, 0, 0, 0, '0', 171000, '2023-01-13 04:10:26', 2, 1),
(16, 7, '2022-12-28', 'mh12qg2279', 0, 0, 0, 0, 0, 0, 0, 0, 0, 0, 0, 0, 0, 0, 0, 0, 0, 0, 0, '0', 0, '2023-01-13 04:13:33', 2, 0),
(17, 7, '2022-12-28', 'mh12qg2279', 0, 0, 0, 0, 0, 0, 0, 0, 0, 0, 0, 0, 0, 0, 0, 0, 0, 0, 0, '0', 0, '2023-01-13 04:13:22', 2, 0),
(18, 7, '2022-12-28', 'mh12qg2279', 0, 0, 0, 0, 0, 0, 0, 0, 0, 0, 0, 0, 0, 0, 0, 0, 0, 0, 0, '0', 0, '2023-01-13 04:13:00', 2, 0),
(19, 7, '2022-12-28', 'mh12 qg2279', 57, 0, 0, 0, 0, 0, 0, 3000, 0, 0, 0, 0, 0, 0, 0, 0, 0, 0, 0, '0', 171000, '2023-02-09 07:52:33', 2, 0),
(20, 7, '2022-12-28', 'mh12 qg2279', 57, 0, 0, 0, 0, 0, 0, 3000, 0, 0, 0, 0, 0, 0, 0, 0, 0, 0, 0, '0', 171000, '2023-02-09 07:52:10', 2, 0),
(21, 7, '2022-12-28', 'mh12 qg2279', 57, 0, 0, 0, 0, 0, 0, 3000, 0, 0, 0, 0, 0, 0, 0, 0, 0, 0, 0, '0', 171000, '2023-02-09 07:52:04', 2, 0);

-- --------------------------------------------------------

--
-- Table structure for table `sales`
--

CREATE TABLE `sales` (
  `id` int(11) NOT NULL,
  `customerid` int(11) NOT NULL,
  `date` date NOT NULL,
  `caret_rate` double NOT NULL,
  `box5kg_rate` double NOT NULL,
  `paper_rate` double NOT NULL,
  `tape_rate` double NOT NULL,
  `tawim_rate` double NOT NULL,
  `brbox_rate` double NOT NULL,
  `planetbox_rate` double DEFAULT 0,
  `caret_quantity` double NOT NULL,
  `box5kg_quantity` double NOT NULL,
  `paper_quantity` double NOT NULL,
  `tape_quantity` double NOT NULL,
  `tawim_quantity` double NOT NULL,
  `brbox_quantity` double NOT NULL,
  `planetbox_quantity` double DEFAULT 0,
  `pinkrim_rate` double NOT NULL DEFAULT 0,
  `pinkrim_quantity` double NOT NULL DEFAULT 0,
  `whiterim_quantity` double NOT NULL DEFAULT 0,
  `whiterim_rate` double NOT NULL DEFAULT 0,
  `discount` double NOT NULL,
  `total` double NOT NULL,
  `lastupdate` timestamp NOT NULL DEFAULT current_timestamp() ON UPDATE current_timestamp(),
  `lastupdateby` int(11) NOT NULL,
  `status` int(11) NOT NULL
) ENGINE=InnoDB DEFAULT CHARSET=utf8mb4 COLLATE=utf8mb4_general_ci;

--
-- Dumping data for table `sales`
--

INSERT INTO `sales` (`id`, `customerid`, `date`, `caret_rate`, `box5kg_rate`, `paper_rate`, `tape_rate`, `tawim_rate`, `brbox_rate`, `planetbox_rate`, `caret_quantity`, `box5kg_quantity`, `paper_quantity`, `tape_quantity`, `tawim_quantity`, `brbox_quantity`, `planetbox_quantity`, `pinkrim_rate`, `pinkrim_quantity`, `whiterim_quantity`, `whiterim_rate`, `discount`, `total`, `lastupdate`, `lastupdateby`, `status`) VALUES
(8, 15, '2022-12-30', 570, 0, 420, 0, 70, 0, 0, 245, 0, 1, 0, 1, 0, 0, 0, 0, 0, 0, 0, 140140, '2023-01-13 04:54:18', 2, 0),
(9, 15, '2022-12-31', 0, 0, 0, 0, 0, 0, 0, 0, 0, 0, 0, 0, 0, 0, 0, 0, 0, 0, 0, 0, '2023-01-13 04:23:12', 2, 0),
(10, 15, '2022-12-31', 57, 0, 420, 0, 70, 0, 0, 250, 0, 3, 0, 2, 0, 0, 0, 0, 0, 0, 0, 15650, '2023-01-13 04:24:33', 2, 1),
(11, 15, '2023-01-01', 57, 0, 420, 0, 70, 0, 0, 250, 0, 1, 0, 1, 0, 0, 0, 0, 0, 0, 0, 14740, '2023-01-13 04:27:29', 2, 1),
(12, 15, '2023-01-02', 57, 0, 420, 0, 70, 0, 0, 2250, 0, 1, 0, 1, 0, 0, 0, 0, 0, 0, 0, 128740, '2023-01-13 05:01:47', 2, 0),
(13, 15, '2023-01-03', 57, 0, 420, 0, 70, 0, 0, 450, 0, 3, 0, 1, 0, 0, 0, 0, 0, 0, 0, 26980, '2023-01-13 04:32:46', 2, 1),
(14, 15, '2023-01-04', 57, 0, 420, 0, 70, 0, 0, 225, 0, 2, 0, 2, 0, 0, 0, 0, 0, 0, 0, 13805, '2023-01-13 04:36:00', 2, 1),
(15, 15, '2023-01-06', 57, 0, 420, 0, 70, 0, 0, 250, 0, 3, 0, 2, 0, 0, 0, 0, 0, 0, 0, 15650, '2023-01-13 06:47:28', 2, 0),
(16, 15, '2023-01-07', 57, 0, 420, 0, 70, 0, 0, 300, 0, 2, 0, 2, 0, 0, 0, 0, 0, 0, 0, 18080, '2023-01-13 04:40:15', 2, 1),
(17, 15, '2023-01-08', 57, 0, 420, 0, 0, 0, 0, 330, 0, 2, 0, 0, 0, 0, 0, 0, 0, 0, 0, 19650, '2023-01-13 04:44:19', 2, 1),
(18, 15, '2023-01-09', 57, 0, 420, 0, 0, 0, 0, 434, 0, 3, 0, 0, 0, 0, 0, 0, 0, 0, 0, 25998, '2023-01-13 04:45:19', 2, 1),
(19, 15, '2023-01-10', 57, 0, 420, 0, 0, 0, 0, 300, 0, 2, 0, 0, 0, 0, 0, 0, 0, 0, 0, 17940, '2023-01-13 04:48:02', 2, 1),
(20, 15, '2023-01-11', 57, 0, 420, 0, 70, 0, 0, 228, 0, 1, 0, 2, 0, 0, 0, 0, 0, 0, 0, 13556, '2023-01-13 04:49:55', 2, 1),
(21, 15, '2023-01-12', 57, 0, 420, 0, 70, 0, 0, 250, 0, 3, 0, 1, 0, 0, 0, 0, 0, 0, 0, 15580, '2023-01-13 04:51:01', 2, 1),
(22, 15, '2023-01-13', 57, 0, 420, 0, 70, 0, 0, 250, 0, 2, 0, 2, 0, 0, 0, 0, 0, 0, 0, 15230, '2023-01-13 04:52:20', 2, 1),
(23, 15, '2022-12-30', 57, 0, 420, 0, 70, 0, 0, 245, 0, 1, 0, 1, 0, 0, 0, 0, 0, 0, 0, 14455, '2023-01-13 04:55:30', 2, 1),
(24, 15, '2023-01-02', 57, 0, 420, 0, 70, 0, 0, 225, 0, 1, 0, 1, 0, 0, 0, 0, 0, 0, 0, 13315, '2023-01-13 05:02:46', 2, 1),
(25, 15, '2023-01-06', 57, 0, 420, 0, 70, 0, 0, 450, 0, 3, 0, 2, 0, 0, 0, 0, 0, 0, 0, 27050, '2023-01-13 06:50:27', 2, 1),
(26, 18, '2023-01-16', 57, 0, 410, 350, 0, 0, 0, 2638, 0, 6, 1, 0, 0, 0, 0, 0, 0, 0, 0, 153176, '2023-01-16 06:47:35', 2, 1),
(27, 19, '2023-01-16', 570, 0, 420, 0, 0, 0, 0, 1203, 0, 7, 0, 0, 0, 0, 0, 0, 0, 0, 0, 688650, '2023-01-20 12:28:35', 2, 0),
(28, 16, '2023-01-16', 57, 0, 420, 0, 70, 0, 0, 590, 0, 5, 0, 5, 0, 0, 0, 0, 0, 0, 0, 36080, '2023-01-16 06:50:42', 2, 1),
(29, 39, '2023-01-17', 56, 72, 420, 50, 70, 0, 0, 1892, 150, 13, 26, 4, 0, 0, 400, 1, 1, 300, 0, 124492, '2023-01-17 04:22:35', 2, 1),
(30, 18, '2023-01-17', 57, 0, 420, 50, 0, 0, 0, 2599, 0, 12, 16, 0, 0, 0, 0, 0, 2, 470, 0, 154923, '2023-01-17 09:48:51', 2, 1),
(31, 22, '2023-01-17', 57, 0, 420, 50, 0, 0, 0, 556, 0, 4, 8, 0, 0, 0, 0, 0, 0, 0, 0, 33772, '2023-01-17 09:51:01', 2, 1),
(32, 22, '2023-01-17', 57, 0, 420, 50, 0, 0, 0, 556, 0, 4, 8, 0, 0, 0, 0, 0, 0, 0, 0, 33772, '2023-01-17 09:56:43', 2, 0),
(33, 22, '2023-01-17', 57, 0, 420, 50, 0, 0, 0, 556, 0, 4, 8, 0, 0, 0, 0, 0, 0, 0, 0, 33772, '2023-01-17 09:58:27', 2, 0),
(34, 22, '2023-01-17', 57, 0, 420, 50, 0, 0, 0, 556, 0, 4, 8, 0, 0, 0, 0, 0, 0, 0, 0, 33772, '2023-01-17 09:57:35', 2, 0),
(35, 22, '2023-01-17', 57, 0, 420, 50, 0, 0, 0, 556, 0, 4, 8, 0, 0, 0, 0, 0, 0, 0, 0, 33772, '2023-01-17 09:59:35', 2, 0),
(36, 22, '2023-01-17', 57, 0, 420, 50, 0, 0, 0, 556, 0, 4, 8, 0, 0, 0, 0, 0, 0, 0, 0, 33772, '2023-01-17 09:51:20', 2, 0),
(37, 17, '2023-01-17', 57, 0, 420, 0, 700, 0, 0, 477, 0, 4, 0, 2, 0, 0, 0, 0, 0, 0, 0, 30269, '2023-01-20 06:12:53', 2, 0),
(38, 16, '2023-01-17', 57, 0, 420, 50, 0, 0, 0, 585, 0, 6, 8, 0, 0, 0, 0, 0, 0, 0, 0, 36265, '2023-01-17 09:54:35', 2, 1),
(39, 19, '2023-01-17', 57, 0, 420, 0, 0, 0, 0, 403, 0, 8, 0, 0, 0, 0, 0, 0, 0, 0, 0, 26331, '2023-01-20 12:31:57', 2, 0),
(40, 15, '2023-01-17', 57, 0, 420, 0, 70, 0, 0, 300, 0, 2, 0, 2, 0, 0, 400, 1, 0, 0, 0, 18480, '2023-01-17 10:03:35', 2, 1),
(41, 25, '2023-01-17', 57, 0, 420, 0, 70, 0, 0, 593, 0, 1, 0, 2, 0, 0, 0, 0, 0, 0, 0, 34361, '2023-01-17 10:05:13', 2, 1),
(42, 45, '2023-01-17', 57, 0, 420, 50, 0, 0, 0, 500, 0, 5, 16, 0, 0, 0, 0, 0, 0, 0, 0, 31400, '2023-01-17 10:08:53', 2, 1),
(43, 45, '2023-01-17', 57, 0, 420, 50, 0, 0, 0, 500, 0, 5, 16, 0, 0, 0, 0, 0, 0, 0, 0, 31400, '2023-01-17 10:19:56', 2, 0),
(44, 21, '2023-01-17', 57, 0, 0, 0, 0, 0, 0, 520, 0, 0, 0, 0, 0, 0, 0, 0, 0, 0, 0, 29640, '2023-01-17 10:09:31', 2, 1),
(45, 23, '2023-01-17', 57, 0, 420, 0, 0, 0, 0, 225, 0, 3, 0, 0, 0, 0, 0, 0, 0, 0, 0, 14085, '2023-01-17 10:10:21', 2, 1),
(46, 26, '2023-01-17', 0, 0, 0, 0, 70, 0, 0, 0, 0, 0, 0, 36, 0, 0, 0, 0, 0, 0, 0, 2520, '2023-01-17 10:12:22', 2, 1),
(47, 26, '2023-01-17', 0, 0, 0, 0, 70, 0, 0, 0, 0, 0, 0, 36, 0, 0, 0, 0, 0, 0, 0, 2520, '2023-01-17 10:20:49', 2, 0),
(48, 18, '2023-01-18', 57, 0, 410, 350, 0, 0, 0, 5458, 0, 14, 3, 0, 0, 0, 0, 0, 3, 470, 0, 319306, '2023-01-18 06:15:10', 2, 1),
(49, 19, '2023-01-18', 56, 0, 420, 0, 0, 0, 0, 1243, 0, 6, 0, 0, 0, 0, 0, 0, 0, 0, 0, 72128, '2023-01-18 12:50:42', 2, 1),
(50, 19, '2023-01-18', 56, 0, 420, 0, 0, 0, 0, 1243, 0, 6, 0, 0, 0, 0, 0, 0, 0, 0, 0, 72128, '2023-01-18 12:55:22', 2, 0),
(51, 14, '2023-01-18', 57, 0, 420, 0, 70, 0, 0, 464, 0, 2, 0, 2, 0, 0, 0, 0, 0, 0, 0, 27428, '2023-01-18 12:51:45', 2, 1),
(52, 21, '2023-01-18', 57, 0, 420, 50, 0, 0, 0, 920, 0, 3, 8, 0, 0, 0, 0, 0, 0, 0, 0, 54100, '2023-01-18 12:55:35', 2, 0),
(53, 21, '2023-01-18', 57, 0, 420, 50, 0, 0, 0, 920, 0, 3, 8, 0, 0, 0, 0, 0, 0, 0, 0, 54100, '2023-01-18 12:56:17', 2, 0),
(54, 21, '2023-01-18', 57, 0, 420, 50, 0, 0, 0, 920, 0, 3, 8, 0, 0, 0, 0, 0, 0, 0, 0, 54100, '2023-01-18 12:53:33', 2, 1),
(55, 17, '2023-01-18', 58, 0, 420, 0, 70, 0, 0, 477, 0, 2, 0, 2, 0, 0, 0, 0, 0, 0, 0, 28646, '2023-01-20 06:14:03', 2, 0),
(56, 25, '2023-01-18', 57, 0, 420, 50, 0, 0, 0, 800, 0, 5, 8, 0, 0, 0, 0, 0, 0, 0, 0, 48100, '2023-01-18 12:59:44', 2, 1),
(57, 22, '2023-01-18', 57, 0, 420, 50, 0, 0, 0, 1221, 0, 7, 16, 0, 0, 0, 0, 0, 0, 0, 0, 73337, '2023-01-18 13:02:41', 2, 1),
(58, 16, '2023-01-18', 57, 0, 420, 50, 0, 0, 0, 692, 0, 6, 16, 0, 0, 0, 0, 0, 0, 0, 0, 42764, '2023-01-18 13:04:11', 2, 1),
(59, 40, '2023-01-18', 57, 0, 0, 0, 0, 0, 0, 167, 0, 0, 0, 0, 0, 0, 0, 0, 0, 0, 0, 9519, '2023-01-18 13:04:52', 2, 1),
(60, 39, '2023-01-18', 57, 0, 420, 0, 0, 0, 0, 200, 0, 1, 0, 0, 0, 0, 0, 0, 0, 0, 0, 11820, '2023-01-18 13:05:57', 2, 1),
(61, 41, '2023-01-18', 57, 0, 370, 50, 0, 0, 0, 103, 0, 2, 8, 0, 0, 0, 0, 0, 0, 0, 0, 7011, '2023-01-18 13:09:11', 2, 1),
(62, 23, '2023-01-18', 57, 0, 420, 50, 0, 0, 0, 700, 0, 4, 8, 0, 0, 0, 0, 0, 0, 0, 0, 41980, '2023-01-18 13:10:14', 2, 1),
(63, 15, '2023-01-18', 57, 0, 420, 0, 70, 0, 0, 488, 0, 4, 0, 2, 0, 0, 0, 0, 0, 0, 0, 29636, '2023-01-18 13:11:42', 2, 1),
(64, 45, '2023-01-18', 57, 0, 420, 50, 0, 0, 0, 220, 0, 1, 2, 0, 0, 0, 400, 1, 0, 0, 0, 13460, '2023-01-18 13:13:06', 2, 1),
(65, 18, '2023-01-19', 57, 0, 410, 350, 0, 0, 0, 1638, 0, 25, 6, 0, 0, 0, 0, 0, 5, 470, 0, 108066, '2023-01-19 13:29:24', 2, 0),
(66, 18, '2023-01-19', 57, 0, 410, 350, 0, 0, 0, 1638, 0, 25, 6, 0, 0, 0, 0, 0, 5, 470, 0, 108066, '2023-01-19 13:28:02', 2, 1),
(67, 15, '2023-01-19', 57, 0, 425, 50, 0, 0, 0, 905, 0, 5, 8, 0, 0, 0, 0, 0, 0, 0, 0, 54110, '2023-01-19 13:29:12', 2, 1),
(68, 17, '2023-01-19', 58, 0, 420, 0, 50, 0, 0, 951, 0, 4, 8, 0, 0, 0, 0, 0, 0, 0, 0, 56838, '2023-01-20 06:21:03', 2, 0),
(69, 16, '2023-01-19', 57, 0, 420, 50, 0, 0, 0, 403, 0, 3, 1, 0, 0, 0, 0, 0, 0, 0, 0, 24281, '2023-01-19 13:32:06', 2, 1),
(70, 41, '2023-01-19', 57, 0, 0, 0, 0, 0, 0, 105, 0, 0, 0, 0, 0, 0, 400, 1, 0, 0, 0, 6385, '2023-01-19 13:32:47', 2, 1),
(71, 14, '2023-01-19', 570, 0, 420, 0, 0, 0, 0, 250, 0, 1, 0, 0, 0, 0, 0, 0, 0, 0, 0, 142920, '2023-01-22 07:45:35', 2, 0),
(72, 19, '2023-01-19', 56, 0, 420, 0, 0, 0, 0, 200, 0, 6, 0, 0, 0, 0, 0, 0, 0, 0, 0, 13720, '2023-01-20 12:32:45', 2, 0),
(73, 21, '2023-01-19', 57, 0, 426, 50, 0, 0, 0, 175, 0, 2, 5, 0, 0, 0, 0, 0, 0, 0, 0, 11077, '2023-01-19 13:36:41', 2, 1),
(74, 17, '2023-01-20', 58, 0, 420, 50, 0, 0, 0, 1120, 0, 8, 8, 0, 0, 0, 0, 0, 0, 0, 0, 68720, '2023-01-20 05:48:30', 2, 1),
(75, 17, '2023-01-16', 58, 0, 420, 0, 0, 0, 0, 247, 0, 1, 0, 0, 0, 0, 0, 0, 0, 0, 0, 14746, '2023-01-20 05:51:42', 2, 1),
(76, 17, '2023-01-17', 58, 0, 420, 0, 70, 0, 0, 477, 0, 4, 0, 2, 0, 0, 0, 0, 0, 0, 0, 29486, '2023-01-20 06:13:50', 2, 1),
(77, 17, '2023-01-18', 58, 0, 420, 70, 0, 0, 0, 477, 0, 2, 2, 0, 0, 0, 0, 0, 0, 0, 0, 28646, '2023-01-20 06:17:50', 2, 0),
(78, 17, '2023-01-18', 58, 0, 420, 0, 70, 0, 0, 477, 0, 2, 0, 2, 0, 0, 0, 0, 0, 0, 0, 28646, '2023-01-20 06:18:35', 2, 1),
(79, 17, '2023-01-19', 58, 0, 424, 50, 0, 0, 0, 951, 0, 4, 8, 0, 0, 0, 0, 0, 0, 0, 0, 57254, '2023-01-20 06:22:21', 2, 1),
(80, 22, '2023-01-20', 57, 0, 0, 0, 0, 0, 0, 1220, 0, 0, 0, 0, 0, 0, 0, 0, 0, 0, 0, 69540, '2023-01-20 12:04:49', 2, 0),
(81, 22, '2023-01-20', 57, 0, 420, 50, 0, 0, 0, 1220, 0, 7, 8, 0, 0, 0, 0, 0, 2, 300, 0, 73480, '2023-01-20 12:06:06', 2, 1),
(82, 18, '2023-01-20', 57, 0, 0, 0, 0, 0, 0, 3368, 0, 0, 0, 0, 0, 0, 0, 0, 0, 0, 0, 191976, '2023-01-20 12:06:58', 2, 1),
(83, 19, '0000-00-00', 0, 0, 0, 0, 0, 0, 0, 0, 0, 0, 0, 0, 0, 0, 0, 0, 0, 0, 0, 0, '2023-01-20 12:28:15', 2, 0),
(84, 19, '2023-01-20', 57, 0, 420, 50, 0, 0, 0, 1243, 0, 10, 16, 0, 0, 0, 0, 0, 0, 0, 0, 75851, '2023-01-20 12:34:47', 2, 0),
(85, 23, '2023-01-20', 57, 0, 420, 50, 0, 0, 0, 800, 0, 4, 8, 0, 0, 0, 0, 0, 0, 0, 0, 47680, '2023-01-20 12:09:14', 2, 1),
(86, 25, '2023-01-20', 57, 0, 420, 0, 0, 50, 0, 892, 0, 5, 0, 8, 0, 0, 0, 0, 0, 0, 0, 52944, '2023-01-22 08:29:49', 2, 0),
(87, 16, '2023-01-20', 57, 0, 420, 50, 0, 0, 0, 1170, 0, 8, 13, 0, 0, 0, 0, 0, 0, 0, 0, 70700, '2023-01-20 12:11:28', 2, 1),
(88, 14, '2023-01-20', 57, 0, 420, 0, 0, 0, 0, 500, 0, 2, 0, 0, 0, 0, 0, 0, 0, 0, 0, 29340, '2023-01-22 07:38:34', 2, 0),
(89, 39, '2023-01-20', 56, 0, 420, 0, 0, 0, 0, 280, 0, 1, 0, 0, 0, 0, 0, 0, 0, 0, 0, 16100, '2023-01-20 12:12:39', 2, 1),
(90, 40, '2023-01-20', 57, 0, 420, 0, 0, 0, 0, 178, 0, 1, 0, 0, 0, 0, 0, 0, 0, 0, 0, 10566, '2023-01-20 12:13:19', 2, 1),
(91, 21, '2023-01-20', 57, 0, 420, 50, 0, 0, 0, 945, 0, 3, 8, 0, 0, 0, 0, 0, 0, 0, 0, 55525, '2023-01-20 12:14:15', 2, 1),
(92, 15, '2023-01-20', 57, 0, 420, 50, 0, 0, 0, 300, 0, 3, 8, 0, 0, 0, 400, 1, 0, 0, 0, 19160, '2023-01-20 12:15:31', 2, 1),
(93, 19, '2023-01-16', 56, 0, 420, 0, 0, 0, 0, 1203, 0, 7, 0, 0, 0, 0, 0, 0, 0, 0, 0, 70308, '2023-01-20 12:29:33', 2, 1),
(94, 19, '2023-01-17', 56, 0, 420, 0, 0, 0, 0, 403, 0, 8, 0, 0, 0, 0, 0, 0, 0, 0, 0, 25928, '2023-01-20 12:32:35', 2, 1),
(95, 19, '2023-01-19', 57, 0, 420, 0, 0, 0, 0, 200, 0, 6, 0, 0, 0, 0, 0, 0, 0, 0, 0, 13920, '2023-01-20 12:33:20', 2, 1),
(96, 19, '2023-01-20', 56, 0, 420, 50, 0, 0, 0, 1243, 0, 10, 16, 0, 0, 0, 0, 0, 0, 0, 0, 74608, '2023-01-20 12:35:27', 2, 1),
(97, 21, '2023-01-21', 57, 0, 420, 0, 0, 0, 0, 600, 0, 2, 0, 0, 0, 0, 0, 0, 0, 0, 0, 35040, '2023-01-21 12:21:45', 2, 1),
(98, 15, '2023-01-21', 57, 0, 420, 50, 0, 0, 0, 1154, 0, 6, 8, 0, 0, 0, 0, 0, 0, 0, 0, 68698, '2023-01-21 12:22:57', 2, 1),
(99, 17, '2023-01-21', 57, 0, 420, 50, 0, 0, 0, 924, 0, 5, 8, 0, 0, 0, 0, 0, 0, 0, 0, 55168, '2023-01-22 08:10:09', 2, 0),
(100, 18, '2023-01-21', 57, 0, 410, 350, 0, 0, 0, 2731, 0, 41, 6, 0, 0, 0, 470, 2, 4, 270, 0, 176597, '2023-01-21 12:27:25', 2, 1),
(101, 19, '2023-01-21', 57, 0, 420, 0, 0, 0, 0, 571, 0, 2, 0, 0, 0, 0, 0, 0, 0, 0, 0, 33387, '2023-01-21 12:31:13', 2, 1),
(102, 16, '2023-01-21', 57, 0, 420, 50, 0, 0, 0, 1004, 0, 6, 16, 0, 0, 0, 0, 0, 0, 0, 0, 60548, '2023-01-22 06:56:59', 2, 0),
(103, 22, '2023-01-21', 58, 0, 420, 50, 0, 0, 0, 1160, 0, 6, 8, 0, 0, 0, 0, 0, 0, 0, 0, 70200, '2023-01-21 12:46:34', 2, 1),
(104, 40, '2023-01-21', 57, 0, 0, 0, 0, 0, 0, 207, 0, 0, 0, 0, 0, 0, 0, 0, 0, 0, 0, 11799, '2023-01-21 12:47:02', 2, 1),
(105, 25, '2023-01-21', 57, 0, 420, 0, 70, 0, 0, 411, 0, 4, 0, 4, 0, 0, 0, 0, 0, 0, 0, 25387, '2023-01-21 12:47:49', 2, 1),
(106, 23, '2023-01-21', 57, 0, 420, 0, 0, 0, 0, 225, 0, 2, 0, 0, 0, 0, 0, 0, 0, 0, 0, 13665, '2023-01-21 12:48:22', 2, 1),
(107, 14, '2023-01-21', 57, 0, 420, 0, 0, 0, 0, 250, 0, 1, 0, 0, 0, 0, 0, 0, 0, 0, 0, 14670, '2023-01-21 12:48:50', 2, 1),
(108, 21, '2023-01-22', 57, 0, 420, 50, 0, 0, 0, 970, 0, 3, 8, 0, 0, 0, 0, 0, 0, 0, 0, 56950, '2023-01-22 05:42:43', 2, 1),
(109, 23, '2023-01-22', 57, 0, 420, 0, 0, 0, 0, 700, 0, 4, 0, 0, 0, 0, 0, 0, 0, 0, 0, 41580, '2023-01-22 09:02:46', 2, 0),
(110, 14, '2023-01-22', 57, 0, 420, 50, 0, 0, 0, 1440, 0, 5, 10, 0, 0, 0, 0, 0, 0, 0, 0, 84680, '2023-01-22 05:44:55', 2, 0),
(111, 14, '2023-01-22', 57, 0, 420, 50, 0, 0, 0, 1440, 0, 5, 13, 0, 0, 0, 0, 0, 0, 0, 0, 84830, '2023-01-22 05:45:47', 2, 1),
(112, 19, '2023-01-22', 57, 0, 420, 50, 0, 0, 0, 1553, 0, 4, 16, 0, 0, 0, 0, 0, 0, 0, 0, 91001, '2023-01-22 05:48:00', 2, 1),
(113, 17, '2023-01-22', 58, 0, 420, 50, 0, 0, 0, 800, 0, 4, 16, 0, 0, 0, 0, 0, 0, 0, 0, 48880, '2023-01-22 05:48:50', 2, 1),
(114, 41, '0000-00-00', 420, 0, 420, 50, 0, 0, 0, 34, 0, 2, 1, 0, 0, 0, 0, 0, 0, 0, 0, 15170, '2023-01-22 05:50:16', 2, 1),
(115, 41, '2023-01-22', 57, 0, 420, 50, 0, 0, 0, 34, 0, 2, 1, 0, 0, 0, 0, 0, 0, 0, 0, 2828, '2023-01-22 05:52:10', 2, 1),
(116, 39, '2023-01-22', 56, 0, 420, 50, 0, 0, 0, 151, 0, 1, 8, 0, 0, 0, 0, 0, 0, 0, 0, 9276, '2023-01-22 05:53:04', 2, 1),
(117, 40, '2023-01-22', 57, 0, 0, 0, 0, 0, 0, 224, 0, 0, 0, 0, 0, 0, 0, 0, 0, 0, 0, 12768, '2023-01-22 05:53:55', 2, 1),
(118, 25, '2023-01-22', 57, 0, 420, 0, 0, 0, 0, 780, 0, 4, 0, 0, 0, 0, 0, 0, 0, 0, 0, 46140, '2023-01-22 05:55:54', 2, 1),
(119, 16, '2023-01-22', 57, 0, 420, 50, 0, 0, 0, 1003, 0, 8, 12, 0, 0, 0, 0, 0, 0, 0, 0, 61131, '2023-01-22 05:57:12', 2, 1),
(120, 18, '2023-01-22', 57, 0, 410, 0, 0, 0, 0, 638, 0, 20, 0, 0, 0, 0, 0, 0, 0, 0, 0, 44566, '2023-01-22 05:57:55', 2, 1),
(121, 15, '2023-01-22', 57, 0, 420, 0, 0, 0, 0, 600, 0, 3, 0, 0, 0, 0, 0, 0, 0, 0, 0, 35460, '2023-01-22 06:16:40', 2, 1),
(122, 21, '2023-01-16', 57, 0, 420, 50, 0, 0, 0, 900, 0, 6, 8, 0, 0, 0, 400, 1, 0, 0, 0, 54620, '2023-01-22 06:30:07', 2, 1),
(123, 16, '2023-01-21', 57, 0, 420, 50, 0, 0, 0, 1004, 0, 8, 16, 0, 0, 0, 0, 0, 0, 0, 0, 61388, '2023-01-22 06:57:45', 2, 1),
(124, 19, '2023-01-22', 0, 0, 0, 0, 0, 0, 0, 0, 0, 0, 0, 0, 0, 0, 409, 10, 0, 0, 0, 4090, '2023-01-22 07:20:27', 2, 1),
(125, 14, '2023-01-16', 57, 0, 420, 0, 70, 0, 0, 300, 0, 2, 0, 3, 0, 0, 0, 0, 0, 0, 0, 18150, '2023-01-22 07:32:36', 2, 1),
(126, 14, '2023-01-20', 57, 0, 420, 0, 0, 0, 0, 500, 0, 6, 0, 0, 0, 0, 0, 0, 0, 0, 0, 31020, '2023-01-22 07:39:19', 2, 1),
(127, 14, '2023-01-19', 57, 0, 420, 0, 0, 0, 0, 250, 0, 1, 0, 0, 0, 0, 0, 0, 0, 0, 0, 14670, '2023-01-22 07:46:03', 2, 1),
(128, 17, '2023-01-21', 58, 0, 420, 50, 0, 0, 0, 924, 0, 4, 8, 0, 0, 0, 0, 0, 0, 0, 0, 55672, '2023-01-22 08:11:04', 2, 1),
(129, 25, '2023-01-16', 57, 0, 420, 0, 70, 0, 0, 421, 0, 3, 0, 4, 0, 0, 0, 0, 0, 0, 0, 25537, '2023-01-22 08:19:31', 2, 1),
(130, 25, '2023-01-20', 57, 0, 420, 50, 0, 0, 0, 892, 0, 5, 8, 0, 0, 0, 0, 0, 0, 0, 0, 53344, '2023-01-22 08:28:45', 2, 1),
(131, 23, '2023-01-16', 0, 21, 0, 0, 0, 0, 0, 0, 100, 0, 0, 0, 0, 0, 0, 0, 0, 0, 0, 2100, '2023-01-22 09:00:21', 2, 1),
(132, 23, '2023-01-17', 0, 0, 0, 0, 0, 10, 0, 0, 0, 0, 0, 0, 250, 0, 0, 0, 0, 0, 0, 2500, '2023-01-22 09:00:48', 2, 1),
(133, 23, '2023-01-22', 57, 21, 420, 50, 0, 10, 0, 700, 200, 4, 8, 0, 350, 0, 0, 0, 0, 0, 0, 49680, '2023-01-22 09:13:27', 2, 0),
(134, 23, '2023-01-21', 0, 0, 420, 50, 0, 10, 0, 0, 0, 1, 7, 0, 350, 0, 0, 0, 0, 0, 0, 4270, '2023-01-22 09:06:27', 2, 1),
(135, 23, '2023-01-22', 57, 21, 420, 50, 0, 0, 0, 700, 200, 4, 8, 0, 0, 0, 0, 0, 0, 0, 0, 46180, '2023-01-22 09:13:13', 2, 1),
(136, 41, '2023-01-23', 57, 0, 0, 0, 0, 0, 0, 3, 0, 0, 0, 0, 0, 0, 0, 0, 0, 0, 0, 171, '2023-01-26 08:11:31', 2, 1),
(137, 18, '2023-01-23', 57, 0, 410, 350, 0, 0, 0, 1646, 0, 6, 1, 0, 0, 0, 0, 0, 1, 270, 0, 96902, '2023-01-26 08:13:06', 2, 1),
(138, 19, '2023-01-23', 57, 0, 420, 50, 0, 0, 0, 1965, 0, 8, 16, 0, 0, 0, 0, 0, 0, 0, 0, 116165, '2023-01-26 08:14:17', 2, 1),
(139, 16, '2023-01-23', 57, 0, 420, 50, 0, 0, 0, 403, 0, 3, 4, 0, 0, 0, 0, 0, 0, 0, 0, 24431, '2023-01-26 08:15:39', 2, 1),
(140, 14, '2023-01-23', 57, 21, 420, 0, 70, 0, 0, 450, 100, 2, 0, 3, 0, 0, 0, 0, 0, 0, 0, 28800, '2023-01-26 08:17:03', 2, 1),
(141, 23, '2023-01-23', 57, 0, 420, 50, 0, 0, 0, 600, 0, 3, 8, 0, 0, 0, 0, 0, 0, 0, 0, 35860, '2023-01-26 08:20:45', 2, 1),
(142, 21, '2023-01-23', 57, 0, 420, 50, 0, 0, 0, 555, 0, 2, 8, 0, 0, 0, 0, 0, 0, 0, 0, 32875, '2023-01-26 08:21:55', 2, 1),
(143, 35, '2023-01-23', 57, 0, 0, 0, 0, 0, 0, 370, 0, 0, 0, 0, 0, 0, 0, 0, 0, 0, 0, 21090, '2023-01-26 08:22:37', 2, 1),
(144, 21, '2023-01-24', 57, 0, 420, 50, 0, 0, 0, 616, 0, 4, 8, 0, 0, 0, 0, 0, 0, 0, 0, 37192, '2023-01-26 08:24:23', 2, 1),
(145, 18, '2023-01-24', 0, 0, 410, 350, 0, 0, 0, 0, 0, 10, 12, 0, 0, 0, 0, 0, 5, 270, 0, 9650, '2023-01-26 08:25:29', 2, 1),
(146, 17, '2023-01-24', 58, 0, 420, 50, 0, 0, 0, 910, 0, 5, 10, 0, 0, 0, 0, 0, 0, 0, 0, 55380, '2023-01-26 08:26:34', 2, 1),
(147, 40, '2023-01-24', 57, 0, 0, 50, 0, 0, 0, 224, 0, 0, 8, 0, 0, 0, 0, 0, 0, 0, 0, 13168, '2023-01-26 08:27:14', 2, 1),
(148, 22, '2023-01-24', 58, 0, 420, 50, 0, 0, 0, 1432, 0, 11, 24, 0, 0, 0, 0, 0, 0, 0, 0, 88876, '2023-01-26 08:28:36', 2, 1),
(149, 16, '2023-01-24', 57, 0, 420, 50, 0, 0, 0, 938, 0, 8, 8, 0, 0, 0, 0, 0, 0, 0, 0, 57226, '2023-01-26 08:30:26', 2, 1),
(150, 39, '2023-01-24', 56, 0, 420, 0, 0, 0, 0, 200, 0, 1, 0, 0, 0, 0, 400, 1, 0, 0, 0, 12020, '2023-01-26 08:31:25', 2, 1),
(151, 15, '2023-01-24', 57, 0, 420, 50, 0, 0, 0, 300, 0, 4, 8, 0, 0, 0, 400, 1, 0, 0, 0, 19580, '2023-01-26 08:33:03', 2, 1),
(152, 41, '2023-01-24', 57, 0, 420, 50, 0, 0, 0, 101, 0, 2, 8, 0, 0, 0, 0, 0, 0, 0, 0, 6997, '2023-01-26 08:36:36', 2, 1),
(153, 45, '2023-01-24', 57, 0, 420, 50, 0, 0, 0, 304, 0, 3, 8, 0, 0, 0, 400, 1, 0, 0, 0, 19388, '2023-01-26 08:37:43', 2, 1),
(154, 19, '2023-01-24', 57, 0, 0, 0, 0, 0, 0, 403, 0, 0, 0, 0, 0, 0, 0, 0, 0, 0, 0, 22971, '2023-01-26 08:38:20', 2, 1),
(155, 25, '2023-01-24', 57, 0, 420, 50, 0, 0, 0, 414, 0, 3, 16, 0, 0, 0, 0, 0, 0, 0, 0, 25658, '2023-01-26 08:43:10', 2, 1),
(156, 14, '2023-01-24', 57, 0, 420, 0, 0, 0, 0, 820, 0, 2, 0, 0, 0, 0, 0, 0, 0, 0, 0, 47580, '2023-01-26 08:44:04', 2, 1),
(157, 18, '2023-01-25', 57, 0, 420, 350, 0, 0, 0, 2790, 0, 20, 1, 0, 0, 0, 0, 0, 0, 0, 0, 167780, '2023-01-26 08:46:31', 2, 0),
(158, 18, '2023-01-25', 0, 0, 410, 350, 0, 0, 0, 2790, 0, 20, 1, 0, 0, 0, 0, 0, 6, 270, 0, 10170, '2023-01-26 08:46:36', 2, 0),
(159, 18, '2023-01-25', 57, 0, 410, 350, 0, 0, 0, 2790, 0, 20, 1, 0, 0, 0, 0, 0, 6, 270, 0, 169200, '2023-01-26 08:47:41', 2, 1),
(160, 19, '2023-01-25', 57, 0, 0, 0, 0, 0, 0, 1030, 0, 0, 0, 0, 0, 0, 0, 0, 0, 0, 0, 58710, '2023-01-26 08:48:21', 2, 1),
(161, 22, '2023-01-25', 58, 0, 420, 50, 0, 0, 0, 1196, 0, 10, 16, 0, 0, 0, 0, 0, 0, 0, 0, 74368, '2023-01-26 08:49:13', 2, 1),
(162, 16, '2023-01-25', 57, 0, 420, 50, 0, 0, 0, 1061, 0, 8, 16, 0, 0, 0, 0, 0, 0, 0, 0, 64637, '2023-01-26 08:50:31', 2, 1),
(163, 40, '2023-01-25', 57, 0, 0, 0, 0, 0, 0, 230, 0, 0, 0, 0, 0, 0, 0, 0, 0, 0, 0, 13110, '2023-01-26 08:51:09', 2, 1),
(164, 25, '2023-01-25', 57, 0, 420, 0, 70, 0, 0, 920, 0, 4, 0, 3, 0, 0, 0, 0, 0, 0, 0, 54330, '2023-01-26 08:51:54', 2, 1),
(165, 39, '2023-01-25', 57, 0, 420, 0, 0, 0, 0, 280, 0, 2, 0, 0, 0, 0, 0, 0, 0, 0, 0, 16800, '2023-01-26 08:52:26', 2, 1),
(166, 15, '2023-01-25', 57, 0, 420, 50, 0, 0, 0, 1161, 0, 7, 12, 0, 0, 0, 400, 3, 0, 0, 0, 70917, '2023-01-26 08:54:14', 2, 1),
(167, 14, '2023-01-25', 57, 0, 420, 0, 70, 0, 0, 650, 0, 4, 0, 3, 0, 0, 0, 0, 0, 0, 0, 38940, '2023-01-26 08:55:05', 2, 1),
(168, 45, '2023-01-25', 57, 0, 0, 0, 0, 0, 0, 300, 0, 0, 0, 0, 0, 0, 0, 0, 0, 0, 0, 17100, '2023-01-26 08:55:26', 2, 1),
(169, 23, '2023-01-26', 57, 0, 420, 50, 0, 0, 0, 900, 0, 5, 8, 0, 0, 0, 0, 0, 0, 0, 0, 53800, '2023-01-26 08:56:36', 2, 1),
(170, 15, '2023-01-26', 57, 0, 420, 50, 0, 0, 0, 196, 0, 6, 8, 0, 0, 0, 400, 1, 0, 0, 0, 14492, '2023-01-26 08:57:33', 2, 1),
(171, 22, '2023-01-26', 58, 0, 420, 50, 0, 0, 0, 1224, 0, 5, 8, 0, 0, 0, 0, 0, 0, 0, 0, 73492, '2023-01-26 08:58:21', 2, 1),
(172, 21, '2023-01-26', 57, 0, 420, 50, 0, 0, 0, 800, 0, 4, 16, 0, 0, 0, 0, 0, 0, 0, 0, 48080, '2023-01-26 08:59:08', 2, 1),
(173, 16, '2023-01-26', 57, 0, 420, 50, 0, 0, 0, 900, 0, 7, 8, 0, 0, 0, 0, 0, 0, 0, 0, 54640, '2023-01-26 09:00:07', 2, 1),
(174, 17, '2023-01-26', 58, 0, 420, 50, 0, 0, 0, 904, 0, 4, 8, 0, 0, 0, 0, 0, 0, 0, 0, 54512, '2023-01-26 09:00:52', 2, 1),
(175, 41, '2023-01-26', 57, 0, 0, 0, 0, 0, 0, 50, 0, 0, 0, 0, 0, 0, 0, 0, 0, 0, 0, 2850, '2023-01-26 09:01:15', 2, 1),
(176, 14, '2023-01-27', 58, 21, 420, 50, 70, 0, 0, 1540, 50, 9, 2, 10, 0, 0, 0, 0, 0, 0, 0, 94950, '2023-01-28 07:28:39', 2, 1),
(177, 15, '2023-01-27', 58, 0, 420, 50, 0, 0, 0, 1056, 0, 6, 8, 0, 0, 0, 400, 1, 0, 0, 0, 64568, '2023-01-28 07:30:56', 2, 1),
(178, 21, '2023-01-27', 57, 0, 420, 50, 0, 0, 0, 1194, 0, 7, 16, 0, 0, 0, 0, 0, 0, 0, 0, 71798, '2023-01-28 07:32:15', 2, 1),
(179, 19, '2023-01-27', 57, 0, 420, 0, 0, 0, 0, 1656, 0, 5, 0, 0, 0, 0, 0, 0, 0, 0, 0, 96492, '2023-01-28 07:33:20', 2, 1),
(180, 18, '2023-01-27', 57, 0, 410, 350, 0, 0, 0, 1100, 0, 20, 2, 0, 0, 0, 0, 0, 5, 270, 0, 72950, '2023-01-28 07:34:55', 2, 1),
(181, 22, '2023-01-27', 58, 0, 420, 50, 0, 0, 0, 1224, 0, 8, 16, 0, 0, 0, 0, 0, 0, 0, 0, 75152, '2023-01-28 07:36:00', 2, 1),
(182, 16, '2023-01-27', 57, 0, 420, 50, 0, 0, 0, 1932, 0, 14, 24, 0, 0, 0, 0, 0, 0, 0, 0, 117204, '2023-01-28 07:38:08', 2, 1),
(183, 40, '2023-01-27', 57, 0, 0, 0, 0, 0, 0, 230, 0, 0, 0, 0, 0, 0, 0, 0, 0, 0, 0, 13110, '2023-01-28 07:51:58', 2, 1),
(184, 39, '2023-01-27', 57, 0, 420, 50, 0, 0, 0, 400, 0, 3, 8, 0, 0, 0, 0, 0, 0, 0, 0, 24460, '2023-01-28 07:52:41', 2, 1),
(185, 25, '2023-01-27', 57, 0, 420, 50, 0, 0, 0, 1108, 0, 7, 8, 0, 0, 0, 0, 0, 0, 0, 0, 66496, '2023-01-28 07:53:51', 2, 1),
(186, 41, '2023-01-27', 57, 0, 0, 0, 50, 10, 0, 40, 0, 0, 0, 1, 200, 0, 0, 0, 0, 0, 0, 4330, '2023-01-28 07:55:13', 2, 1),
(187, 46, '2023-01-27', 57, 0, 420, 50, 0, 0, 0, 301, 0, 2, 8, 0, 0, 0, 0, 0, 0, 0, 0, 18397, '2023-01-28 07:58:17', 2, 1),
(188, 15, '2023-01-28', 58, 0, 420, 50, 0, 0, 0, 160, 0, 7, 16, 0, 0, 0, 400, 1, 0, 0, 0, 13420, '2023-01-28 08:03:37', 2, 0),
(189, 15, '2023-01-28', 58, 0, 420, 50, 0, 0, 0, 160, 0, 7, 24, 0, 0, 0, 400, 1, 0, 0, 0, 13820, '2023-01-28 08:02:32', 2, 1),
(190, 19, '2023-01-28', 58, 0, 420, 0, 0, 0, 0, 403, 0, 4, 0, 0, 0, 0, 0, 0, 0, 0, 0, 25054, '2023-01-28 08:06:19', 2, 0),
(191, 16, '2023-01-28', 57, 0, 420, 50, 0, 0, 0, 1046, 0, 5, 16, 0, 0, 0, 0, 0, 0, 0, 0, 62522, '2023-01-28 08:05:36', 2, 1),
(192, 19, '2023-01-28', 57, 0, 420, 0, 0, 0, 0, 403, 0, 4, 0, 0, 0, 0, 0, 0, 0, 0, 0, 24651, '2023-01-28 08:06:09', 2, 1),
(193, 17, '2023-01-28', 58, 0, 420, 50, 0, 0, 0, 446, 0, 3, 16, 0, 0, 0, 0, 0, 0, 0, 0, 27928, '2023-01-28 08:07:24', 2, 1),
(194, 40, '2023-01-28', 57, 0, 0, 0, 0, 0, 0, 224, 0, 0, 0, 0, 0, 0, 0, 0, 0, 0, 0, 12768, '2023-01-28 08:07:49', 2, 1),
(195, 39, '2023-01-28', 57, 0, 420, 0, 0, 0, 0, 280, 0, 1, 0, 0, 0, 0, 0, 0, 0, 0, 0, 16380, '2023-01-28 08:08:21', 2, 1),
(196, 18, '2023-01-28', 0, 0, 420, 350, 0, 0, 0, 0, 0, 20, 2, 0, 0, 0, 0, 0, 1, 270, 0, 9370, '2023-01-28 08:09:07', 2, 1),
(197, 21, '2023-01-28', 57, 0, 420, 0, 0, 0, 0, 1026, 0, 1, 0, 0, 0, 0, 0, 0, 0, 0, 0, 58902, '2023-01-28 08:10:52', 2, 1),
(198, 46, '2023-01-28', 58, 0, 0, 0, 0, 0, 0, 201, 0, 0, 0, 0, 0, 0, 0, 0, 0, 0, 0, 11658, '2023-01-28 08:11:13', 2, 1),
(199, 23, '2023-01-28', 57, 21, 420, 50, 0, 0, 0, 850, 100, 5, 8, 0, 0, 0, 0, 0, 0, 0, 0, 53050, '2023-01-28 08:12:11', 2, 1),
(200, 25, '2023-01-28', 57, 0, 420, 50, 0, 0, 0, 920, 0, 4, 8, 0, 0, 0, 0, 0, 0, 0, 0, 54520, '2023-01-28 08:13:01', 2, 1),
(201, 41, '2023-01-28', 57, 0, 0, 0, 0, 0, 0, 10, 0, 0, 0, 0, 0, 0, 0, 0, 0, 0, 0, 570, '2023-01-28 08:13:27', 2, 1),
(202, 22, '2023-01-28', 58, 0, 0, 0, 0, 0, 0, 800, 0, 0, 0, 0, 0, 0, 0, 0, 0, 0, 0, 46400, '2023-01-28 08:13:53', 2, 1),
(203, 44, '2023-01-28', 57, 0, 0, 0, 0, 0, 0, 151, 0, 0, 0, 0, 0, 0, 0, 0, 0, 0, 0, 8607, '2023-01-28 08:14:20', 2, 1),
(204, 26, '2023-01-28', 59, 0, 0, 0, 0, 0, 0, 3920, 0, 0, 0, 0, 0, 0, 0, 0, 0, 0, 0, 231280, '2023-01-28 08:15:05', 2, 1),
(205, 26, '2023-01-25', 58, 0, 0, 0, 0, 0, 0, 2496, 0, 0, 0, 0, 0, 0, 0, 0, 0, 0, 0, 144768, '2023-01-28 08:15:32', 2, 1),
(206, 26, '2023-01-23', 58, 0, 0, 0, 0, 0, 0, 2824, 0, 0, 0, 0, 0, 0, 0, 0, 0, 0, 0, 163792, '2023-01-28 08:17:58', 2, 1),
(207, 21, '2023-01-29', 57, 0, 420, 50, 0, 0, 0, 1325, 0, 4, 8, 0, 0, 0, 0, 0, 0, 0, 0, 77605, '2023-01-29 06:25:25', 2, 1),
(208, 45, '2023-01-29', 58, 0, 420, 50, 0, 0, 0, 150, 0, 3, 8, 0, 0, 0, 400, 1, 0, 0, 0, 10760, '2023-01-29 06:26:31', 2, 1),
(209, 17, '2023-01-29', 0, 0, 420, 0, 0, 0, 0, 0, 0, 4, 0, 0, 0, 0, 0, 0, 0, 0, 0, 1680, '2023-01-29 06:26:53', 2, 1),
(210, 15, '2023-01-29', 58, 0, 420, 50, 0, 0, 0, 1404, 0, 10, 16, 0, 0, 0, 400, 1, 0, 0, 0, 86832, '2023-01-29 06:28:11', 2, 1),
(211, 40, '2023-01-29', 57, 0, 420, 0, 0, 0, 0, 230, 0, 1, 0, 0, 0, 0, 0, 0, 0, 0, 0, 13530, '2023-01-29 06:28:43', 2, 1),
(212, 17, '2023-01-29', 57, 0, 420, 50, 0, 0, 0, 407, 0, 3, 3, 0, 0, 0, 0, 0, 0, 0, 0, 24609, '2023-01-29 08:14:01', 2, 0),
(213, 22, '2023-01-29', 0, 0, 420, 50, 0, 0, 0, 0, 0, 5, 8, 0, 0, 0, 0, 0, 0, 0, 0, 2500, '2023-01-29 06:32:41', 2, 1),
(214, 19, '2023-01-29', 57, 0, 420, 0, 0, 0, 0, 853, 0, 4, 0, 0, 0, 0, 0, 0, 0, 0, 0, 50301, '2023-01-29 06:33:16', 2, 1),
(215, 16, '2023-01-29', 57, 0, 420, 0, 0, 0, 0, 839, 0, 4, 0, 0, 0, 0, 0, 0, 0, 0, 0, 49503, '2023-01-29 06:35:25', 2, 0),
(216, 16, '2023-01-29', 57, 0, 420, 50, 0, 0, 0, 839, 0, 7, 12, 0, 0, 0, 0, 0, 0, 0, 0, 51363, '2023-01-29 06:36:28', 2, 1),
(217, 41, '2023-01-29', 57, 0, 420, 50, 0, 0, 0, 170, 0, 2, 8, 0, 0, 0, 0, 0, 0, 0, 0, 10930, '2023-01-29 06:37:06', 2, 1),
(218, 18, '2023-01-29', 0, 0, 410, 350, 0, 0, 0, 0, 0, 16, 4, 0, 0, 0, 0, 0, 0, 0, 0, 7960, '2023-01-29 06:37:49', 2, 1),
(219, 23, '2023-01-29', 57, 0, 420, 50, 0, 0, 0, 827, 0, 5, 8, 0, 0, 0, 0, 0, 0, 0, 0, 49639, '2023-01-29 06:38:30', 2, 1),
(220, 14, '2023-01-29', 57, 21, 420, 0, 0, 0, 0, 550, 25, 2, 0, 0, 0, 0, 0, 0, 0, 0, 0, 32715, '2023-01-29 06:39:40', 2, 1),
(221, 35, '2023-01-29', 58, 0, 0, 0, 0, 0, 0, 412, 0, 0, 0, 0, 0, 0, 0, 0, 0, 0, 0, 23896, '2023-01-29 06:39:57', 2, 1),
(222, 44, '2023-01-29', 57, 0, 0, 0, 0, 0, 0, 70, 0, 0, 0, 0, 0, 0, 0, 0, 0, 0, 0, 3990, '2023-01-29 06:40:20', 2, 1),
(223, 19, '2023-01-28', 57, 0, 0, 0, 0, 0, 0, 403, 0, 0, 0, 0, 0, 0, 0, 0, 0, 0, 0, 22971, '2023-01-29 08:01:07', 2, 1),
(224, 15, '2023-01-30', 58, 0, 420, 50, 0, 0, 0, 850, 0, 7, 8, 0, 0, 0, 0, 0, 0, 0, 0, 52640, '2023-02-01 07:22:12', 2, 1),
(225, 39, '2023-01-30', 58, 0, 420, 50, 0, 0, 0, 407, 0, 1, 2, 0, 0, 0, 0, 0, 0, 0, 0, 24126, '2023-02-01 07:22:48', 2, 1),
(226, 18, '2023-01-30', 0, 0, 420, 50, 0, 0, 0, 0, 0, 8, 16, 0, 0, 0, 0, 0, 0, 0, 0, 4160, '2023-02-01 07:23:32', 2, 1),
(227, 23, '2023-01-30', 0, 0, 420, 0, 0, 0, 0, 0, 0, 2, 0, 0, 0, 0, 0, 0, 0, 0, 0, 840, '2023-02-01 07:24:33', 2, 1),
(228, 17, '2023-01-30', 58, 0, 420, 0, 70, 0, 0, 76, 0, 2, 0, 2, 0, 0, 0, 0, 0, 0, 0, 5388, '2023-02-01 07:25:26', 2, 1),
(229, 45, '2023-01-30', 58, 0, 420, 50, 0, 0, 0, 200, 0, 5, 8, 0, 0, 0, 400, 2, 0, 0, 0, 14900, '2023-02-01 07:26:22', 2, 1),
(230, 22, '2023-01-30', 58, 0, 420, 50, 0, 0, 0, 1230, 0, 10, 8, 0, 0, 0, 0, 0, 0, 0, 0, 75940, '2023-02-01 07:27:25', 2, 1),
(231, 16, '2023-01-30', 58, 0, 420, 50, 0, 0, 0, 1439, 0, 8, 8, 0, 0, 0, 0, 0, 0, 0, 0, 87222, '2023-02-01 07:28:22', 2, 1),
(232, 21, '2023-01-30', 58, 0, 420, 0, 0, 0, 0, 620, 0, 3, 0, 0, 0, 0, 0, 0, 0, 0, 0, 37220, '2023-02-01 07:28:56', 2, 1),
(233, 14, '2023-01-30', 58, 0, 420, 0, 70, 0, 0, 1250, 0, 8, 0, 2, 0, 0, 0, 0, 0, 0, 0, 76000, '2023-02-01 07:31:34', 2, 1),
(234, 19, '2023-01-30', 58, 0, 0, 0, 0, 0, 0, 840, 0, 0, 0, 0, 0, 0, 0, 0, 0, 0, 0, 48720, '2023-02-01 07:32:15', 2, 1),
(235, 25, '2023-01-30', 58, 0, 420, 50, 0, 0, 0, 209, 0, 3, 16, 0, 0, 0, 0, 0, 0, 0, 0, 14182, '2023-02-01 07:33:03', 2, 1),
(236, 41, '2023-01-30', 58, 0, 420, 50, 0, 0, 0, 95, 0, 1, 8, 0, 0, 0, 0, 0, 0, 0, 0, 6330, '2023-02-01 07:33:45', 2, 1),
(237, 14, '2023-01-31', 58, 0, 420, 0, 0, 0, 0, 840, 0, 4, 0, 0, 0, 0, 0, 0, 0, 0, 0, 50400, '2023-02-01 07:36:04', 2, 1),
(238, 17, '2023-01-31', 58, 0, 420, 50, 0, 0, 0, 920, 0, 5, 8, 0, 0, 0, 0, 0, 0, 0, 0, 55860, '2023-02-01 07:36:52', 2, 1),
(239, 16, '2023-01-31', 58, 0, 420, 50, 0, 0, 0, 1676, 0, 8, 16, 0, 0, 0, 0, 0, 0, 0, 0, 101368, '2023-02-01 07:38:23', 2, 1),
(240, 41, '2023-01-31', 58, 0, 0, 0, 0, 0, 0, 232, 0, 0, 0, 0, 0, 0, 0, 0, 0, 0, 0, 13456, '2023-02-01 07:38:46', 2, 1),
(241, 39, '2023-01-31', 58, 0, 420, 50, 0, 0, 0, 407, 0, 4, 8, 0, 0, 0, 0, 0, 0, 0, 0, 25686, '2023-02-01 07:39:29', 2, 1),
(242, 19, '2023-01-31', 58, 0, 420, 0, 0, 0, 0, 403, 0, 3, 0, 0, 0, 0, 0, 0, 0, 0, 0, 24634, '2023-02-01 07:40:04', 2, 1),
(243, 40, '2023-01-31', 58, 0, 0, 50, 0, 0, 0, 224, 0, 0, 8, 0, 0, 0, 0, 0, 0, 0, 0, 13392, '2023-02-01 07:40:35', 2, 1),
(244, 15, '2023-01-31', 58, 0, 420, 50, 0, 0, 0, 1310, 0, 9, 16, 0, 0, 0, 400, 1, 0, 0, 0, 80960, '2023-02-01 07:42:16', 2, 1),
(245, 21, '2023-01-31', 58, 0, 0, 0, 0, 0, 0, 565, 0, 0, 0, 0, 0, 0, 0, 0, 0, 0, 0, 32770, '2023-02-01 07:42:44', 2, 1),
(246, 25, '2023-01-31', 58, 0, 420, 50, 0, 0, 0, 1005, 0, 6, 8, 0, 0, 0, 0, 0, 0, 0, 0, 61210, '2023-02-01 07:43:42', 2, 1),
(247, 22, '2023-01-31', 58, 0, 58, 50, 0, 0, 0, 270, 0, 3, 8, 0, 0, 0, 0, 0, 0, 0, 0, 16234, '2023-02-01 07:45:34', 2, 1),
(248, 21, '2023-02-01', 58, 0, 420, 50, 0, 0, 0, 1240, 0, 6, 8, 0, 0, 0, 400, 1, 0, 0, 0, 75240, '2023-02-01 07:48:03', 2, 1),
(249, 16, '2023-02-01', 58, 0, 420, 50, 0, 0, 0, 1444, 0, 10, 16, 0, 0, 0, 0, 0, 0, 0, 0, 88752, '2023-02-01 07:54:41', 2, 1),
(250, 39, '2023-02-01', 58, 0, 420, 50, 0, 0, 0, 400, 0, 2, 6, 0, 0, 0, 0, 0, 0, 0, 0, 24340, '2023-02-01 07:55:24', 2, 1),
(251, 22, '2023-02-01', 58, 0, 420, 50, 0, 0, 0, 921, 0, 8, 16, 0, 0, 0, 0, 0, 0, 0, 0, 57578, '2023-02-01 07:56:33', 2, 1),
(252, 19, '2023-02-01', 58, 0, 420, 0, 0, 0, 0, 403, 0, 4, 0, 0, 0, 0, 0, 0, 0, 0, 0, 25054, '2023-02-01 07:57:04', 2, 1),
(253, 14, '2023-02-01', 58, 0, 420, 0, 70, 0, 0, 1250, 0, 3, 0, 4, 0, 0, 0, 0, 0, 0, 0, 74040, '2023-02-01 07:59:08', 2, 1),
(254, 23, '2023-02-01', 58, 21, 420, 50, 0, 0, 0, 700, 271, 4, 8, 0, 0, 0, 0, 0, 0, 0, 0, 48371, '2023-02-01 08:02:35', 2, 1),
(255, 44, '2023-02-01', 58, 0, 0, 0, 0, 0, 0, 216, 0, 0, 0, 0, 0, 0, 0, 0, 0, 0, 0, 12528, '2023-02-01 08:03:27', 2, 1),
(256, 40, '2023-02-01', 58, 0, 0, 0, 0, 0, 0, 201, 0, 0, 0, 0, 0, 0, 0, 0, 0, 0, 0, 11658, '2023-02-01 08:03:56', 2, 1),
(257, 15, '2023-02-01', 58, 0, 420, 0, 0, 0, 0, 234, 0, 2, 0, 0, 0, 0, 0, 0, 0, 0, 0, 14412, '2023-02-01 08:04:25', 2, 1),
(258, 35, '2023-02-01', 58, 0, 0, 0, 0, 0, 0, 220, 0, 0, 0, 0, 0, 0, 0, 0, 0, 0, 0, 12760, '2023-02-01 08:04:52', 2, 1),
(259, 16, '2023-02-02', 58, 0, 420, 50, 0, 0, 0, 1153, 0, 8, 8, 0, 0, 0, 0, 0, 0, 0, 0, 70634, '2023-02-03 16:30:06', 2, 1),
(260, 22, '2023-02-02', 59, 0, 420, 420, 0, 0, 0, 900, 0, 7, 16, 0, 0, 0, 0, 0, 0, 0, 0, 62760, '2023-02-03 16:37:59', 2, 1),
(261, 14, '2023-02-02', 58, 0, 420, 0, 70, 0, 0, 833, 0, 5, 0, 4, 0, 0, 0, 0, 0, 0, 0, 50694, '2023-02-03 16:38:51', 2, 1),
(262, 15, '2023-02-02', 58, 0, 420, 50, 0, 0, 0, 234, 0, 5, 8, 0, 0, 0, 400, 1, 0, 0, 0, 16472, '2023-02-03 16:39:44', 2, 1),
(263, 23, '2023-02-02', 58, 0, 0, 0, 0, 0, 0, 800, 0, 0, 0, 0, 0, 0, 0, 0, 0, 0, 0, 46400, '2023-02-03 16:40:29', 2, 1),
(264, 21, '2023-02-02', 58, 0, 0, 0, 0, 0, 0, 520, 0, 0, 0, 0, 0, 0, 0, 0, 0, 0, 0, 30160, '2023-02-03 16:40:49', 2, 1),
(265, 17, '2023-02-02', 60, 0, 420, 50, 0, 0, 0, 924, 0, 6, 16, 0, 0, 0, 0, 0, 0, 0, 0, 58760, '2023-02-03 16:41:32', 2, 1),
(266, 39, '2023-02-02', 58, 0, 420, 50, 0, 0, 0, 207, 0, 1, 2, 0, 0, 0, 0, 0, 0, 0, 0, 12526, '2023-02-03 16:42:16', 2, 1),
(267, 16, '2023-02-03', 58, 0, 420, 50, 0, 0, 0, 1878, 0, 9, 16, 0, 0, 0, 0, 0, 0, 0, 0, 113504, '2023-02-03 16:43:34', 2, 1),
(268, 40, '2023-02-03', 58, 0, 0, 0, 0, 0, 0, 230, 0, 0, 0, 0, 0, 0, 0, 0, 0, 0, 0, 13340, '2023-02-03 16:45:43', 2, 1),
(269, 14, '2023-02-03', 58, 0, 420, 50, 0, 0, 0, 500, 0, 3, 8, 0, 0, 0, 0, 0, 0, 0, 0, 30660, '2023-02-03 16:46:25', 2, 1),
(270, 19, '2023-02-03', 58, 0, 420, 0, 0, 0, 0, 403, 0, 3, 0, 0, 0, 0, 0, 0, 0, 0, 0, 24634, '2023-02-03 16:47:05', 2, 1),
(271, 17, '2023-02-03', 60, 0, 420, 0, 0, 0, 0, 247, 0, 2, 0, 0, 0, 0, 0, 0, 0, 0, 0, 15660, '2023-02-03 16:47:39', 2, 1),
(272, 39, '2023-02-03', 58, 0, 420, 50, 0, 0, 0, 1118, 0, 7, 10, 0, 0, 0, 0, 0, 0, 0, 0, 68284, '2023-02-03 16:48:38', 2, 1),
(273, 21, '2023-02-03', 58, 0, 420, 0, 0, 0, 0, 720, 0, 2, 0, 0, 0, 0, 0, 0, 0, 0, 0, 42600, '2023-02-03 16:49:10', 2, 1),
(274, 22, '2023-02-03', 60, 0, 420, 50, 0, 0, 0, 1058, 0, 8, 8, 0, 0, 0, 0, 0, 0, 0, 0, 67240, '2023-02-03 16:50:03', 2, 1),
(275, 41, '2023-02-03', 58, 0, 420, 0, 0, 0, 0, 110, 0, 1, 0, 0, 0, 0, 0, 0, 0, 0, 0, 6800, '2023-02-03 16:50:35', 2, 1),
(276, 46, '2023-02-03', 58, 0, 420, 50, 0, 0, 0, 770, 0, 2, 8, 0, 0, 0, 0, 0, 0, 0, 0, 45900, '2023-02-03 16:51:36', 2, 1),
(277, 45, '2023-02-03', 58, 21, 420, 50, 0, 0, 0, 250, 400, 2, 8, 0, 0, 0, 0, 0, 0, 0, 0, 24140, '2023-02-03 16:52:32', 2, 1),
(278, 15, '2023-02-03', 0, 0, 420, 50, 0, 0, 0, 0, 0, 8, 16, 0, 0, 0, 400, 1, 0, 0, 0, 4560, '2023-02-03 16:53:31', 2, 1),
(279, 16, '2023-02-04', 60, 0, 420, 50, 70, 0, 0, 1341, 0, 6, 8, 3, 0, 0, 0, 0, 0, 0, 0, 83590, '2023-02-04 06:06:05', 2, 1),
(280, 21, '2023-02-04', 60, 0, 0, 0, 0, 0, 0, 624, 0, 0, 0, 0, 0, 0, 0, 0, 0, 0, 0, 37440, '2023-02-04 06:06:52', 2, 1),
(281, 39, '2023-02-04', 58, 0, 420, 50, 0, 0, 0, 680, 0, 5, 16, 0, 0, 0, 0, 0, 0, 0, 0, 42340, '2023-02-04 06:08:03', 2, 1),
(282, 40, '2023-02-04', 60, 0, 0, 0, 0, 0, 0, 253, 0, 0, 0, 0, 0, 0, 0, 0, 0, 0, 0, 15180, '2023-02-04 06:08:31', 2, 1),
(283, 17, '2023-02-04', 61, 0, 420, 50, 0, 0, 0, 976, 0, 11, 16, 0, 0, 0, 0, 0, 0, 0, 0, 64956, '2023-02-05 06:59:58', 2, 0),
(284, 45, '2023-02-04', 60, 0, 420, 50, 0, 0, 0, 800, 0, 8, 16, 0, 0, 0, 400, 1, 0, 0, 0, 52560, '2023-02-04 06:11:41', 2, 1),
(285, 41, '2023-02-04', 60, 0, 420, 50, 0, 0, 0, 80, 0, 1, 8, 0, 0, 0, 0, 0, 0, 0, 0, 5620, '2023-02-04 06:12:25', 2, 1),
(286, 15, '2023-02-04', 60, 0, 420, 50, 0, 0, 0, 110, 0, 7, 8, 0, 0, 0, 0, 0, 0, 0, 0, 9940, '2023-02-04 06:13:21', 2, 1),
(287, 19, '2023-02-04', 58, 0, 420, 0, 0, 0, 0, 403, 0, 2, 0, 0, 0, 0, 0, 0, 0, 0, 0, 24214, '2023-02-04 06:13:59', 2, 1),
(288, 22, '2023-02-04', 61, 0, 420, 50, 0, 0, 0, 900, 0, 5, 8, 0, 0, 0, 0, 0, 0, 0, 0, 57400, '2023-02-04 06:14:58', 2, 1),
(289, 46, '2023-02-04', 60, 0, 420, 0, 0, 0, 0, 441, 0, 3, 0, 0, 0, 0, 0, 0, 0, 0, 0, 27720, '2023-02-04 06:15:41', 2, 1),
(290, 35, '2023-02-04', 60, 0, 0, 0, 0, 0, 0, 350, 0, 0, 0, 0, 0, 0, 0, 0, 0, 0, 0, 21000, '2023-02-04 06:16:06', 2, 1),
(291, 44, '2023-02-04', 60, 0, 0, 0, 0, 0, 0, 210, 0, 0, 0, 0, 0, 0, 0, 0, 0, 0, 0, 12600, '2023-02-04 06:16:24', 2, 1),
(292, 23, '2023-02-04', 58, 0, 420, 420, 0, 0, 0, 800, 0, 5, 8, 0, 0, 0, 0, 0, 0, 0, 0, 51860, '2023-02-05 07:22:10', 2, 0),
(293, 21, '2023-02-05', 60, 0, 420, 0, 0, 0, 0, 1240, 0, 2, 0, 0, 0, 0, 0, 0, 0, 0, 0, 75240, '2023-02-05 05:07:59', 2, 1),
(294, 16, '2023-02-05', 60, 0, 420, 50, 70, 0, 0, 1878, 0, 9, 10, 3, 0, 0, 0, 0, 0, 0, 0, 117170, '2023-02-05 05:10:08', 2, 1),
(295, 40, '2023-02-05', 60, 0, 50, 0, 0, 0, 0, 246, 0, 8, 0, 0, 0, 0, 0, 0, 0, 0, 0, 15160, '2023-02-05 05:10:58', 2, 1),
(296, 39, '2023-02-05', 58, 0, 420, 50, 0, 0, 0, 680, 0, 4, 8, 0, 0, 0, 0, 0, 0, 0, 0, 41520, '2023-02-05 05:15:53', 2, 1),
(297, 23, '2023-02-05', 58, 0, 420, 50, 0, 0, 0, 700, 0, 4, 8, 0, 0, 0, 0, 0, 0, 0, 0, 42680, '2023-02-05 05:16:35', 2, 1),
(298, 14, '2023-02-05', 60, 0, 420, 50, 0, 0, 0, 1570, 0, 8, 8, 0, 0, 0, 0, 0, 0, 0, 0, 97960, '2023-02-05 05:17:35', 2, 1),
(299, 17, '2023-02-05', 60, 0, 420, 0, 0, 0, 0, 353, 0, 2, 0, 0, 0, 0, 0, 0, 0, 0, 0, 22020, '2023-02-05 06:45:05', 2, 0),
(300, 22, '2023-02-05', 61, 0, 420, 50, 0, 0, 0, 600, 0, 8, 16, 0, 0, 0, 0, 0, 0, 0, 0, 40760, '2023-02-05 05:19:19', 2, 1),
(301, 19, '2023-02-05', 58, 0, 420, 0, 0, 0, 0, 910, 0, 4, 0, 0, 0, 0, 0, 0, 0, 0, 0, 54460, '2023-02-05 05:19:44', 2, 1),
(302, 15, '2023-02-05', 60, 0, 420, 50, 0, 0, 0, 230, 0, 8, 8, 0, 0, 0, 0, 0, 0, 0, 0, 17560, '2023-02-05 05:20:34', 2, 1),
(303, 41, '2023-02-05', 60, 0, 420, 0, 0, 0, 0, 240, 0, 1, 0, 0, 0, 0, 0, 0, 0, 0, 0, 14820, '2023-02-05 05:21:11', 2, 1),
(304, 46, '2023-02-05', 60, 0, 420, 50, 0, 0, 0, 403, 0, 3, 8, 0, 0, 0, 0, 0, 0, 0, 0, 25840, '2023-02-05 08:45:27', 2, 0),
(305, 14, '2023-02-04', 60, 0, 420, 0, 70, 0, 0, 350, 0, 5, 0, 2, 0, 0, 0, 0, 0, 0, 0, 23240, '2023-02-05 05:25:54', 2, 1),
(306, 17, '2023-02-05', 60, 0, 420, 50, 0, 0, 0, 553, 0, 3, 8, 0, 0, 0, 0, 0, 0, 0, 0, 34840, '2023-02-05 06:46:14', 2, 1),
(307, 17, '2023-02-04', 60, 0, 420, 50, 0, 0, 0, 976, 0, 11, 16, 0, 0, 0, 0, 0, 0, 0, 0, 63980, '2023-02-05 07:00:39', 2, 1),
(308, 23, '2023-02-04', 58, 21, 420, 50, 0, 0, 0, 800, 500, 5, 16, 0, 0, 0, 0, 0, 0, 0, 0, 59800, '2023-02-05 07:23:15', 2, 1),
(309, 23, '2023-02-03', 0, 21, 0, 0, 0, 0, 0, 0, 500, 0, 0, 0, 0, 0, 0, 0, 0, 0, 0, 10500, '2023-02-05 07:23:35', 2, 1),
(310, 46, '2023-02-05', 60, 0, 420, 50, 0, 0, 0, 613, 0, 3, 8, 0, 0, 0, 0, 0, 0, 0, 0, 38440, '2023-02-05 08:46:19', 2, 1),
(311, 40, '2023-02-06', 60, 0, 0, 0, 0, 0, 0, 253, 0, 0, 0, 0, 0, 0, 0, 0, 0, 0, 0, 15180, '2023-02-09 08:23:29', 2, 1),
(312, 16, '2023-02-06', 60, 0, 420, 50, 0, 0, 0, 1234, 0, 2, 6, 0, 0, 0, 0, 0, 0, 0, 0, 75180, '2023-02-09 08:24:41', 2, 1),
(313, 15, '2023-02-06', 60, 0, 420, 50, 0, 0, 0, 750, 0, 6, 8, 0, 0, 0, 0, 0, 0, 0, 0, 47920, '2023-02-09 08:25:22', 2, 1),
(314, 39, '2023-02-06', 60, 0, 420, 50, 0, 0, 0, 440, 0, 2, 10, 0, 0, 0, 0, 0, 0, 0, 0, 27740, '2023-02-09 08:26:07', 2, 1),
(315, 19, '2023-02-06', 59, 0, 0, 0, 0, 0, 0, 1571, 0, 0, 0, 0, 0, 0, 0, 0, 0, 0, 0, 92689, '2023-02-09 08:26:49', 2, 1),
(316, 14, '2023-02-06', 60, 0, 420, 0, 70, 0, 0, 800, 0, 4, 0, 2, 0, 0, 0, 0, 0, 0, 0, 49820, '2023-02-09 08:27:29', 2, 1),
(317, 21, '2023-02-06', 60, 0, 0, 0, 0, 0, 0, 620, 0, 0, 0, 0, 0, 0, 0, 0, 0, 0, 0, 37200, '2023-02-09 08:29:12', 2, 1),
(318, 25, '2023-02-06', 60, 0, 420, 50, 0, 0, 0, 750, 0, 5, 72, 0, 0, 0, 0, 0, 0, 0, 0, 50700, '2023-02-09 08:30:14', 2, 1),
(319, 44, '2023-02-06', 60, 0, 0, 0, 0, 0, 0, 240, 0, 0, 0, 0, 0, 0, 0, 0, 0, 0, 0, 14400, '2023-02-09 08:41:19', 2, 1),
(320, 16, '2023-02-07', 60, 0, 420, 50, 0, 0, 0, 1517, 0, 7, 16, 0, 0, 0, 0, 0, 0, 0, 0, 94760, '2023-02-09 08:43:09', 2, 1),
(321, 15, '2023-02-07', 60, 0, 420, 50, 0, 0, 0, 420, 0, 2, 3, 0, 0, 0, 0, 0, 0, 0, 0, 26190, '2023-02-09 08:43:46', 2, 1),
(322, 39, '2023-02-07', 60, 0, 420, 0, 0, 0, 0, 240, 0, 3, 0, 0, 0, 0, 0, 0, 0, 0, 0, 15660, '2023-02-09 08:44:23', 2, 1),
(323, 22, '2023-02-07', 61, 0, 420, 50, 0, 0, 0, 1200, 0, 10, 16, 0, 0, 0, 0, 0, 0, 0, 0, 78200, '2023-02-09 08:45:07', 2, 1),
(324, 21, '2023-02-07', 60, 0, 0, 0, 0, 0, 0, 520, 0, 0, 0, 0, 0, 0, 0, 0, 0, 0, 0, 31200, '2023-02-09 08:45:28', 2, 1),
(325, 14, '2023-02-08', 60, 0, 420, 50, 50, 0, 0, 650, 0, 6, 8, 2, 0, 0, 0, 0, 0, 0, 0, 42020, '2023-02-09 08:46:16', 2, 1),
(326, 16, '2023-02-08', 60, 0, 420, 50, 0, 0, 0, 1665, 0, 10, 16, 0, 0, 0, 0, 0, 0, 0, 0, 104900, '2023-02-09 08:47:15', 2, 1),
(327, 22, '2023-02-08', 60, 0, 420, 50, 0, 0, 0, 900, 0, 6, 8, 0, 0, 0, 0, 0, 0, 0, 0, 56920, '2023-02-09 08:50:55', 2, 0),
(328, 22, '2023-02-08', 61, 0, 420, 50, 0, 0, 0, 900, 0, 6, 8, 0, 0, 0, 0, 0, 0, 0, 0, 57820, '2023-02-09 08:51:31', 2, 1),
(329, 17, '2023-02-08', 0, 0, 420, 50, 0, 0, 0, 0, 0, 5, 8, 0, 0, 0, 0, 0, 0, 0, 0, 2500, '2023-02-09 08:52:05', 2, 1),
(330, 19, '2023-02-08', 60, 0, 420, 50, 0, 0, 0, 1306, 0, 9, 8, 0, 0, 0, 0, 0, 0, 0, 0, 82540, '2023-02-09 08:52:54', 2, 1),
(331, 23, '2023-02-08', 60, 0, 420, 0, 0, 0, 0, 700, 0, 4, 0, 0, 0, 0, 0, 0, 0, 0, 0, 43680, '2023-02-09 08:53:21', 2, 1),
(332, 46, '2023-02-08', 60, 0, 0, 50, 0, 0, 0, 201, 0, 0, 8, 0, 0, 0, 0, 0, 0, 0, 0, 12460, '2023-02-09 08:54:14', 2, 1),
(333, 39, '2023-02-08', 60, 0, 0, 0, 0, 0, 0, 240, 0, 0, 0, 0, 0, 0, 0, 0, 0, 0, 0, 14400, '2023-02-09 08:54:40', 2, 1),
(334, 40, '2023-02-08', 0, 0, 0, 0, 0, 0, 0, 201, 0, 0, 0, 0, 0, 0, 0, 0, 0, 0, 0, 0, '2023-02-12 10:29:39', 2, 0),
(335, 15, '2023-02-08', 60, 0, 420, 50, 0, 0, 0, 460, 0, 2, 6, 0, 0, 0, 0, 0, 0, 0, 0, 28740, '2023-02-09 08:55:42', 2, 1),
(336, 41, '2023-02-08', 60, 0, 0, 0, 0, 0, 0, 165, 0, 0, 0, 0, 0, 0, 0, 0, 0, 0, 0, 9900, '2023-02-09 08:56:01', 2, 1),
(337, 34, '2023-02-08', 61, 0, 0, 0, 0, 0, 0, 2546, 0, 0, 0, 0, 0, 0, 0, 0, 0, 0, 0, 155306, '2023-02-09 08:56:26', 2, 1),
(338, 26, '2023-02-08', 61, 0, 0, 0, 0, 0, 0, 4620, 0, 0, 0, 0, 0, 0, 0, 0, 0, 0, 0, 281820, '2023-02-09 08:56:55', 2, 1),
(339, 25, '2023-02-08', 60, 0, 420, 0, 0, 0, 0, 232, 0, 4, 0, 0, 0, 0, 0, 0, 0, 0, 0, 15600, '2023-02-09 08:57:26', 2, 1),
(340, 39, '2023-02-09', 60, 0, 420, 0, 0, 0, 0, 250, 0, 2, 0, 0, 0, 0, 0, 0, 0, 0, 0, 15840, '2023-02-09 08:58:00', 2, 1),
(341, 40, '2023-02-09', 60, 0, 0, 0, 0, 0, 0, 201, 0, 0, 0, 0, 0, 0, 0, 0, 0, 0, 0, 12060, '2023-02-09 08:58:30', 2, 1),
(342, 21, '2023-02-09', 60, 0, 420, 0, 0, 0, 0, 1240, 0, 6, 0, 0, 0, 0, 0, 0, 0, 0, 0, 76920, '2023-02-09 08:59:18', 2, 1),
(343, 15, '2023-02-09', 60, 0, 420, 50, 0, 0, 0, 50, 0, 7, 8, 0, 0, 0, 0, 0, 0, 0, 0, 6340, '2023-02-09 09:00:03', 2, 1),
(344, 17, '2023-02-09', 61, 0, 420, 50, 0, 0, 0, 950, 0, 4, 8, 0, 0, 0, 0, 0, 0, 0, 0, 60030, '2023-02-09 09:00:58', 2, 1),
(345, 16, '2023-02-09', 60, 0, 420, 50, 0, 0, 0, 612, 0, 3, 3, 0, 0, 0, 0, 0, 0, 0, 0, 38130, '2023-02-09 09:01:59', 2, 1),
(346, 14, '2023-02-09', 60, 0, 420, 50, 0, 0, 0, 60, 0, 4, 8, 0, 0, 0, 0, 0, 0, 0, 0, 5680, '2023-02-09 09:02:44', 2, 1),
(347, 41, '2023-02-09', 60, 0, 420, 0, 0, 0, 0, 145, 0, 1, 0, 0, 0, 0, 0, 0, 0, 0, 0, 9120, '2023-02-09 09:03:15', 2, 1),
(348, 19, '2023-02-09', 0, 0, 420, 50, 0, 0, 0, 0, 0, 5, 8, 0, 0, 0, 0, 0, 0, 0, 0, 2500, '2023-02-09 09:03:43', 2, 1),
(349, 25, '2023-02-09', 60, 0, 420, 0, 0, 0, 0, 1844, 0, 6, 0, 0, 0, 0, 0, 0, 0, 0, 0, 113160, '2023-02-09 09:04:15', 2, 1),
(350, 16, '2023-02-10', 60, 0, 420, 50, 0, 0, 0, 2837, 0, 16, 40, 0, 0, 0, 0, 0, 0, 0, 0, 178940, '2023-02-11 09:19:36', 2, 1),
(351, 25, '2023-02-10', 60, 0, 0, 0, 0, 0, 0, 1841, 0, 0, 0, 0, 0, 0, 0, 0, 0, 0, 0, 110460, '2023-02-11 09:20:14', 2, 1),
(352, 23, '2023-02-10', 60, 21, 420, 0, 0, 0, 0, 800, 200, 4, 0, 0, 0, 0, 0, 0, 0, 0, 0, 53880, '2023-02-11 09:21:12', 2, 1),
(353, 15, '2023-02-10', 60, 0, 420, 50, 0, 0, 0, 430, 0, 7, 10, 0, 0, 0, 0, 0, 0, 0, 0, 29240, '2023-02-11 09:22:09', 2, 1),
(354, 39, '2023-02-10', 60, 0, 420, 0, 0, 0, 0, 250, 0, 2, 0, 0, 0, 0, 0, 0, 0, 0, 0, 15840, '2023-02-11 09:22:50', 2, 1),
(355, 22, '2023-02-10', 61, 0, 420, 50, 0, 0, 0, 1224, 0, 8, 24, 0, 0, 0, 0, 0, 0, 0, 0, 79224, '2023-02-11 09:23:41', 2, 1),
(356, 14, '2023-02-10', 60, 0, 420, 0, 0, 0, 0, 756, 0, 3, 0, 0, 0, 0, 0, 0, 0, 0, 0, 46620, '2023-02-11 09:24:09', 2, 1),
(357, 19, '2023-02-10', 60, 0, 420, 50, 0, 0, 0, 403, 0, 12, 16, 0, 0, 0, 0, 0, 0, 0, 0, 30020, '2023-02-11 09:24:59', 2, 1),
(358, 17, '2023-02-10', 0, 0, 420, 50, 0, 0, 0, 0, 0, 5, 8, 0, 0, 0, 0, 0, 0, 0, 0, 2500, '2023-02-11 09:25:40', 2, 1),
(359, 39, '2023-02-11', 60, 0, 420, 50, 0, 0, 0, 231, 0, 1, 8, 0, 0, 0, 0, 0, 0, 0, 0, 14680, '2023-02-11 09:26:50', 2, 1),
(360, 17, '2023-02-11', 0, 0, 420, 50, 0, 0, 0, 0, 0, 6, 8, 0, 0, 0, 0, 0, 0, 0, 0, 2920, '2023-02-11 09:27:24', 2, 1),
(361, 21, '2023-02-11', 60, 0, 420, 0, 0, 0, 0, 1040, 0, 5, 0, 0, 0, 0, 0, 0, 0, 0, 0, 64500, '2023-02-11 09:27:58', 2, 1),
(362, 15, '2023-02-11', 60, 0, 420, 50, 0, 0, 0, 500, 0, 9, 16, 0, 0, 0, 0, 0, 0, 0, 0, 34580, '2023-02-11 09:29:00', 2, 1),
(363, 16, '2023-02-11', 60, 0, 420, 50, 0, 0, 0, 2393, 0, 9, 24, 0, 0, 0, 0, 0, 0, 0, 0, 148560, '2023-02-11 09:30:13', 2, 1),
(364, 19, '2023-02-11', 60, 0, 420, 0, 0, 0, 0, 806, 0, 4, 0, 0, 0, 0, 0, 0, 0, 0, 0, 50040, '2023-02-11 09:30:48', 2, 1),
(365, 14, '2023-02-11', 60, 0, 420, 50, 0, 0, 0, 150, 0, 4, 8, 0, 0, 0, 0, 0, 0, 0, 0, 11080, '2023-02-11 09:57:23', 2, 0),
(366, 46, '2023-02-11', 60, 0, 420, 0, 0, 0, 0, 401, 0, 3, 0, 0, 0, 0, 0, 0, 0, 0, 0, 25320, '2023-02-11 09:33:17', 2, 1),
(367, 45, '2023-02-11', 0, 0, 420, 50, 0, 0, 0, 0, 0, 3, 8, 0, 0, 0, 0, 0, 0, 0, 0, 1660, '2023-02-11 09:33:49', 2, 1),
(368, 25, '2023-02-11', 60, 0, 0, 0, 0, 0, 0, 924, 0, 0, 0, 0, 0, 0, 0, 0, 0, 0, 0, 55440, '2023-02-11 09:34:20', 2, 1),
(369, 40, '2023-02-11', 60, 0, 0, 0, 0, 0, 0, 212, 0, 0, 0, 0, 0, 0, 0, 0, 0, 0, 0, 12720, '2023-02-11 09:34:48', 2, 1),
(370, 41, '2023-02-11', 60, 0, 420, 0, 0, 0, 0, 80, 0, 1, 0, 0, 0, 0, 0, 0, 0, 0, 0, 5220, '2023-02-11 09:35:15', 2, 1),
(371, 14, '2023-02-11', 60, 0, 420, 50, 0, 0, 0, 200, 0, 4, 8, 0, 0, 0, 0, 0, 0, 0, 0, 14080, '2023-02-11 09:59:19', 2, 1),
(372, 14, '2023-02-12', 60, 0, 420, 50, 0, 0, 0, 1560, 0, 8, 8, 0, 0, 0, 0, 0, 0, 0, 0, 97360, '2023-02-12 09:10:43', 2, 0),
(373, 19, '2023-02-12', 60, 0, 420, 0, 0, 0, 0, 403, 0, 13, 0, 0, 0, 0, 0, 0, 0, 0, 0, 29640, '2023-02-12 08:58:50', 2, 1),
(374, 16, '2023-02-12', 60, 0, 420, 50, 0, 0, 0, 2532, 0, 12, 24, 0, 0, 0, 0, 0, 0, 0, 0, 158160, '2023-02-12 09:00:01', 2, 1),
(375, 39, '2023-02-12', 60, 0, 420, 50, 0, 0, 0, 511, 0, 4, 8, 0, 0, 0, 0, 0, 0, 0, 0, 32740, '2023-02-12 09:02:35', 2, 1),
(376, 21, '2023-02-12', 60, 0, 420, 0, 0, 0, 0, 940, 0, 6, 0, 0, 0, 0, 0, 0, 0, 0, 0, 58920, '2023-02-12 09:03:18', 2, 1),
(377, 17, '2023-02-12', 0, 0, 420, 50, 0, 0, 0, 0, 0, 5, 8, 0, 0, 0, 0, 0, 0, 0, 0, 2500, '2023-02-12 09:05:14', 2, 1),
(378, 41, '2023-02-12', 60, 0, 420, 50, 0, 0, 0, 180, 0, 2, 8, 0, 0, 0, 0, 0, 0, 0, 0, 12040, '2023-02-12 09:05:53', 2, 1),
(379, 15, '2023-02-12', 60, 0, 420, 50, 0, 0, 0, 500, 0, 9, 8, 0, 0, 0, 0, 0, 0, 0, 0, 34180, '2023-02-12 09:06:48', 2, 1),
(380, 44, '2023-02-12', 60, 0, 0, 0, 0, 0, 0, 220, 0, 0, 0, 0, 0, 0, 0, 0, 0, 0, 0, 13200, '2023-02-12 09:07:45', 2, 1),
(381, 25, '2023-02-12', 60, 0, 420, 50, 0, 0, 0, 1130, 0, 7, 16, 0, 0, 0, 0, 0, 0, 0, 0, 71540, '2023-02-12 09:08:45', 2, 1),
(382, 14, '2023-02-12', 60, 21, 420, 0, 0, 0, 0, 1540, 100, 3, 0, 0, 0, 0, 0, 0, 0, 0, 0, 95760, '2023-02-12 09:11:23', 2, 1),
(383, 46, '2023-02-12', 60, 0, 420, 0, 0, 0, 0, 200, 0, 2, 0, 0, 0, 0, 0, 0, 0, 0, 0, 12840, '2023-02-12 09:16:49', 2, 1),
(384, 40, '2023-02-12', 60, 0, 0, 0, 0, 0, 0, 150, 0, 0, 0, 0, 0, 0, 0, 0, 0, 0, 0, 9000, '2023-02-12 09:17:29', 2, 1),
(385, 23, '2023-02-12', 60, 0, 420, 50, 0, 0, 0, 1560, 0, 8, 16, 0, 0, 0, 0, 0, 0, 0, 0, 97760, '2023-02-12 09:21:22', 2, 1),
(386, 40, '2023-02-08', 60, 0, 0, 0, 0, 0, 0, 201, 0, 0, 0, 0, 0, 0, 0, 0, 0, 0, 0, 12060, '2023-02-12 10:29:58', 2, 1),
(387, 16, '2023-02-13', 61, 0, 420, 50, 0, 0, 0, 1850, 0, 9, 16, 0, 0, 0, 0, 0, 0, 0, 0, 117430, '2023-02-15 13:06:35', 2, 1),
(388, 21, '2023-02-13', 61, 0, 420, 0, 0, 0, 0, 1240, 0, 4, 0, 0, 0, 0, 0, 0, 0, 0, 0, 77320, '2023-02-15 13:07:27', 2, 1),
(389, 14, '2023-02-13', 61, 0, 420, 50, 0, 0, 0, 590, 0, 7, 24, 0, 0, 0, 0, 0, 0, 0, 0, 40130, '2023-02-15 13:09:04', 2, 1),
(390, 15, '2023-02-13', 61, 0, 420, 50, 0, 0, 0, 1091, 0, 6, 8, 0, 0, 0, 0, 0, 0, 0, 0, 69471, '2023-02-15 13:10:36', 2, 1),
(391, 25, '2023-02-13', 62, 0, 420, 0, 0, 0, 0, 840, 0, 5, 0, 0, 0, 0, 0, 0, 0, 0, 0, 54180, '2023-02-15 13:11:12', 2, 1),
(392, 39, '2023-02-13', 62, 0, 420, 50, 0, 0, 0, 598, 0, 5, 10, 0, 0, 0, 0, 0, 0, 0, 0, 39676, '2023-02-15 13:12:17', 2, 1),
(393, 23, '2023-02-13', 61, 0, 420, 50, 0, 0, 0, 720, 0, 4, 8, 0, 0, 0, 0, 0, 0, 0, 0, 46000, '2023-02-15 13:12:54', 2, 1),
(394, 19, '2023-02-13', 0, 0, 420, 0, 0, 0, 0, 0, 0, 12, 0, 0, 0, 0, 0, 0, 0, 0, 0, 5040, '2023-02-15 13:13:42', 2, 1),
(395, 17, '2023-02-13', 0, 0, 430, 50, 0, 0, 0, 0, 0, 5, 8, 0, 0, 0, 0, 0, 0, 0, 0, 2550, '2023-02-15 13:14:11', 2, 1),
(396, 41, '2023-02-13', 61, 0, 0, 0, 0, 0, 0, 130, 0, 0, 0, 0, 0, 0, 0, 0, 0, 0, 0, 7930, '2023-02-15 13:14:34', 2, 1),
(397, 16, '2023-02-14', 61, 0, 420, 50, 0, 0, 0, 2736, 0, 17, 20, 0, 0, 0, 0, 0, 0, 0, 0, 175036, '2023-02-15 13:16:35', 2, 1),
(398, 15, '2023-02-14', 61, 0, 420, 50, 0, 0, 0, 1500, 0, 9, 16, 0, 0, 0, 0, 0, 0, 0, 0, 96080, '2023-02-15 13:17:26', 2, 1),
(399, 21, '2023-02-14', 61, 0, 420, 0, 0, 0, 0, 941, 0, 3, 0, 0, 0, 0, 0, 0, 0, 0, 0, 58661, '2023-02-15 13:18:04', 2, 1),
(400, 39, '2023-02-14', 61, 0, 420, 50, 0, 0, 0, 716, 0, 6, 14, 0, 0, 0, 0, 0, 0, 0, 0, 46896, '2023-02-15 13:18:52', 2, 1),
(401, 17, '2023-02-14', 0, 0, 420, 50, 0, 0, 0, 0, 0, 6, 16, 0, 0, 0, 0, 0, 0, 0, 0, 3320, '2023-02-15 13:19:31', 2, 1),
(402, 40, '2023-02-14', 61, 0, 0, 0, 0, 0, 0, 300, 0, 0, 0, 0, 0, 0, 0, 0, 0, 0, 0, 18300, '2023-02-15 13:19:53', 2, 1),
(403, 46, '2023-02-14', 61, 0, 420, 50, 0, 0, 0, 389, 0, 2, 8, 0, 0, 0, 0, 0, 0, 0, 0, 24969, '2023-02-15 13:20:36', 2, 1),
(404, 19, '2023-02-14', 61, 0, 420, 0, 0, 0, 0, 614, 0, 5, 0, 0, 0, 0, 0, 0, 0, 0, 0, 39554, '2023-02-15 13:21:15', 2, 1),
(405, 14, '2023-02-14', 61, 0, 420, 50, 0, 0, 0, 1666, 0, 5, 8, 0, 0, 0, 0, 0, 0, 0, 0, 104126, '2023-02-15 13:22:17', 2, 1),
(406, 41, '2023-02-14', 61, 0, 0, 0, 0, 0, 0, 53, 0, 0, 0, 0, 0, 0, 0, 0, 0, 0, 0, 3233, '2023-02-15 13:25:07', 2, 1),
(407, 39, '2023-02-15', 62, 0, 420, 50, 0, 0, 0, 660, 0, 4, 16, 0, 0, 0, 0, 0, 0, 0, 0, 43400, '2023-02-15 13:25:55', 2, 1),
(408, 16, '2023-02-15', 61, 0, 420, 50, 0, 0, 0, 2232, 0, 11, 16, 0, 0, 0, 0, 0, 0, 0, 0, 141572, '2023-02-15 13:26:48', 2, 1),
(409, 45, '2023-02-15', 62, 0, 420, 0, 0, 0, 0, 700, 0, 6, 0, 0, 0, 0, 400, 2, 0, 0, 0, 46720, '2023-02-15 13:28:17', 2, 1),
(410, 14, '2023-02-15', 61, 21, 420, 50, 0, 0, 0, 744, 200, 14, 32, 0, 0, 0, 0, 0, 0, 0, 0, 57064, '2023-02-15 13:29:48', 2, 1),
(411, 41, '2023-02-15', 61, 0, 0, 0, 0, 0, 0, 60, 0, 0, 0, 0, 0, 0, 0, 0, 0, 0, 0, 3660, '2023-02-15 13:30:07', 2, 1),
(412, 21, '2023-02-15', 61, 0, 420, 0, 0, 0, 0, 1240, 0, 2, 0, 0, 0, 0, 0, 0, 0, 0, 0, 76480, '2023-02-15 13:30:43', 2, 1),
(413, 26, '2023-02-15', 62, 0, 0, 0, 0, 0, 0, 4877, 0, 0, 0, 0, 0, 0, 0, 0, 0, 0, 0, 302374, '2023-02-15 13:31:11', 2, 1),
(414, 41, '2023-02-16', 61, 0, 420, 50, 0, 0, 0, 764, 0, 5, 16, 0, 0, 0, 0, 0, 0, 0, 0, 49504, '2023-02-18 07:37:00', 2, 1);
INSERT INTO `sales` (`id`, `customerid`, `date`, `caret_rate`, `box5kg_rate`, `paper_rate`, `tape_rate`, `tawim_rate`, `brbox_rate`, `planetbox_rate`, `caret_quantity`, `box5kg_quantity`, `paper_quantity`, `tape_quantity`, `tawim_quantity`, `brbox_quantity`, `planetbox_quantity`, `pinkrim_rate`, `pinkrim_quantity`, `whiterim_quantity`, `whiterim_rate`, `discount`, `total`, `lastupdate`, `lastupdateby`, `status`) VALUES
(415, 17, '2023-02-16', 0, 0, 420, 16, 0, 0, 0, 0, 0, 6, 8, 0, 0, 0, 0, 0, 0, 0, 0, 2648, '2023-02-18 07:38:06', 2, 1),
(416, 40, '2023-02-16', 61, 0, 0, 0, 0, 0, 0, 156, 0, 0, 0, 0, 0, 0, 0, 0, 0, 0, 0, 9516, '2023-02-18 07:38:31', 2, 1),
(417, 21, '2023-02-16', 61, 0, 420, 0, 0, 0, 0, 720, 0, 2, 0, 0, 0, 0, 0, 0, 0, 0, 0, 44760, '2023-02-18 07:39:02', 2, 1),
(418, 15, '2023-02-17', 61, 0, 420, 50, 0, 0, 0, 250, 0, 4, 8, 0, 0, 0, 0, 0, 0, 0, 0, 17330, '2023-02-18 07:40:08', 2, 1),
(419, 39, '2023-02-17', 62, 0, 420, 50, 0, 0, 0, 713, 0, 5, 13, 0, 0, 0, 0, 0, 0, 0, 0, 46956, '2023-02-18 07:42:34', 2, 1),
(420, 16, '2023-02-17', 61, 0, 420, 50, 0, 0, 0, 2072, 0, 11, 21, 0, 0, 0, 0, 0, 0, 0, 0, 132062, '2023-02-18 07:44:02', 2, 1),
(421, 17, '2023-02-17', 0, 0, 420, 50, 0, 0, 0, 0, 0, 5, 8, 0, 0, 0, 0, 0, 0, 0, 0, 2500, '2023-02-18 07:45:38', 2, 1),
(422, 16, '2023-02-18', 61, 0, 420, 50, 0, 0, 0, 1668, 0, 17, 28, 0, 0, 0, 0, 0, 0, 0, 0, 110288, '2023-02-18 18:02:48', 2, 0),
(423, 39, '2023-02-18', 61, 0, 420, 50, 0, 0, 0, 560, 0, 6, 8, 0, 0, 0, 0, 0, 0, 0, 0, 37080, '2023-02-18 08:26:28', 2, 1),
(424, 14, '2023-02-18', 61, 0, 420, 0, 0, 0, 0, 304, 0, 4, 0, 0, 0, 0, 0, 0, 0, 0, 0, 20224, '2023-02-18 08:27:32', 2, 1),
(425, 21, '2023-02-18', 61, 0, 420, 0, 0, 0, 0, 720, 0, 1, 0, 0, 0, 0, 0, 0, 0, 0, 0, 44340, '2023-02-19 06:47:10', 2, 0),
(426, 17, '2023-02-18', 0, 0, 420, 50, 0, 0, 0, 0, 0, 5, 8, 0, 0, 0, 0, 0, 0, 0, 0, 2500, '2023-02-18 08:29:38', 2, 1),
(427, 15, '2023-02-18', 61, 0, 420, 50, 0, 0, 0, 250, 0, 8, 8, 0, 0, 0, 0, 0, 0, 0, 0, 19010, '2023-02-18 08:30:31', 2, 1),
(428, 19, '2023-02-18', 61, 0, 420, 0, 0, 0, 0, 403, 0, 2, 0, 0, 0, 0, 0, 0, 0, 0, 0, 25423, '2023-02-18 08:31:56', 2, 1),
(429, 46, '2023-02-18', 61, 0, 420, 0, 0, 0, 0, 349, 0, 3, 0, 0, 0, 0, 0, 0, 0, 0, 0, 22549, '2023-02-18 08:33:03', 2, 1),
(430, 46, '2023-02-18', 61, 0, 0, 0, 0, 0, 0, 60, 0, 0, 0, 0, 0, 0, 0, 0, 0, 0, 0, 3660, '2023-02-18 08:33:29', 2, 1),
(431, 14, '2023-02-17', 61, 0, 420, 50, 0, 0, 0, 620, 0, 5, 16, 0, 0, 0, 0, 0, 0, 0, 0, 40720, '2023-02-18 16:54:15', 2, 1),
(432, 21, '2023-02-17', 61, 0, 420, 0, 0, 0, 0, 1359, 0, 7, 0, 0, 0, 0, 0, 0, 0, 0, 0, 85839, '2023-02-18 16:55:12', 2, 1),
(433, 19, '2023-02-17', 61, 0, 420, 0, 0, 0, 0, 209, 0, 4, 0, 0, 0, 0, 0, 0, 0, 0, 0, 14429, '2023-02-18 16:55:40', 2, 1),
(434, 46, '2023-02-17', 61, 0, 420, 50, 0, 0, 0, 596, 0, 4, 8, 0, 0, 0, 0, 0, 0, 0, 0, 38436, '2023-02-18 16:56:39', 2, 1),
(435, 44, '2023-02-17', 61, 0, 0, 0, 0, 0, 0, 240, 0, 0, 0, 0, 0, 0, 0, 0, 0, 0, 0, 14640, '2023-02-18 16:57:02', 2, 1),
(436, 34, '2023-02-17', 61, 0, 0, 0, 0, 0, 0, 2447, 0, 0, 0, 0, 0, 0, 0, 0, 0, 0, 0, 149267, '2023-02-18 16:57:29', 2, 1),
(437, 16, '2023-02-16', 61, 0, 420, 0, 0, 0, 0, 250, 0, 2, 0, 0, 0, 0, 0, 0, 0, 0, 0, 16090, '2023-02-18 18:03:30', 2, 1),
(438, 16, '2023-02-18', 61, 0, 420, 50, 0, 0, 0, 2013, 0, 17, 28, 0, 0, 0, 1600, 1, 0, 0, 0, 132933, '2023-02-18 18:05:07', 2, 1),
(439, 25, '2023-02-19', 61, 0, 420, 50, 0, 0, 0, 1163, 0, 2, 72, 0, 0, 0, 0, 0, 0, 0, 0, 75383, '2023-02-19 06:07:19', 2, 1),
(440, 16, '2023-02-19', 61, 0, 420, 50, 0, 0, 0, 2485, 0, 12, 21, 0, 0, 0, 0, 0, 0, 0, 0, 157675, '2023-02-19 06:08:43', 2, 1),
(441, 21, '2023-02-19', 61, 0, 420, 0, 0, 0, 0, 2480, 0, 9, 0, 0, 0, 0, 0, 0, 0, 0, 0, 155060, '2023-02-19 06:09:33', 2, 1),
(442, 39, '2023-02-19', 62, 0, 420, 0, 0, 0, 0, 510, 0, 4, 0, 0, 0, 0, 0, 0, 0, 0, 0, 33300, '2023-02-19 06:10:31', 2, 1),
(443, 17, '2023-02-19', 0, 0, 420, 50, 0, 0, 0, 0, 0, 5, 8, 0, 0, 0, 0, 0, 0, 0, 0, 2500, '2023-02-19 06:11:04', 2, 1),
(444, 23, '2023-02-19', 61, 0, 420, 0, 0, 0, 0, 840, 0, 4, 0, 0, 0, 0, 0, 0, 0, 0, 0, 52920, '2023-02-19 06:11:45', 2, 1),
(445, 14, '2023-02-19', 61, 0, 420, 50, 0, 0, 0, 700, 200, 2, 8, 0, 0, 0, 0, 0, 0, 0, 0, 43940, '2023-02-19 06:12:23', 2, 1),
(446, 46, '2023-02-19', 61, 0, 420, 50, 0, 0, 0, 506, 0, 3, 8, 0, 0, 0, 0, 0, 0, 0, 0, 32526, '2023-02-26 07:48:55', 2, 0),
(447, 19, '2023-02-19', 61, 0, 420, 0, 0, 0, 0, 653, 0, 5, 0, 0, 0, 0, 0, 0, 0, 0, 0, 41933, '2023-02-19 06:13:39', 2, 1),
(448, 15, '2023-02-19', 61, 0, 420, 50, 0, 0, 0, 250, 0, 7, 8, 0, 0, 0, 0, 0, 0, 0, 0, 18590, '2023-02-19 06:14:49', 2, 1),
(449, 21, '2023-02-18', 61, 0, 420, 0, 0, 0, 0, 920, 0, 2, 0, 0, 0, 0, 0, 0, 0, 0, 0, 56960, '2023-02-19 06:47:46', 2, 1),
(450, 21, '2023-02-20', 61, 0, 420, 50, 0, 0, 0, 2433, 0, 3, 10, 0, 0, 0, 0, 0, 0, 0, 0, 150173, '2023-02-24 06:47:20', 2, 0),
(451, 21, '2023-02-20', 61, 0, 420, 0, 0, 0, 0, 1240, 0, 3, 0, 0, 0, 0, 0, 0, 0, 0, 0, 76900, '2023-02-24 06:30:12', 2, 1),
(452, 15, '2023-02-20', 61, 0, 420, 0, 0, 0, 0, 500, 0, 8, 0, 0, 0, 0, 0, 0, 0, 0, 0, 33860, '2023-02-24 06:31:04', 2, 0),
(453, 15, '2023-02-20', 61, 0, 420, 50, 0, 0, 0, 500, 0, 8, 8, 0, 0, 0, 0, 0, 0, 0, 0, 34260, '2023-02-24 06:31:33', 2, 1),
(454, 39, '2023-02-20', 62, 0, 420, 50, 0, 0, 0, 700, 0, 5, 8, 0, 0, 0, 0, 0, 0, 0, 0, 45900, '2023-02-25 12:24:11', 2, 0),
(455, 34, '2023-02-20', 0, 0, 0, 350, 0, 0, 0, 0, 0, 0, 9, 0, 0, 0, 0, 0, 0, 0, 0, 3150, '2023-02-24 06:32:47', 2, 1),
(456, 14, '2023-02-20', 61, 0, 420, 0, 0, 0, 0, 673, 0, 2, 0, 0, 0, 0, 0, 0, 0, 0, 0, 41893, '2023-02-24 06:34:20', 2, 1),
(457, 41, '2023-02-20', 61, 0, 420, 0, 0, 0, 0, 70, 0, 1, 0, 0, 0, 0, 0, 0, 0, 0, 0, 4690, '2023-02-24 06:34:49', 2, 1),
(458, 19, '2023-02-20', 61, 0, 420, 50, 0, 0, 0, 403, 0, 3, 8, 0, 0, 0, 0, 0, 0, 0, 0, 26243, '2023-02-24 06:35:19', 2, 1),
(459, 17, '2023-02-20', 0, 0, 420, 50, 0, 0, 0, 0, 0, 5, 8, 0, 0, 0, 0, 0, 0, 0, 0, 2500, '2023-02-24 06:35:51', 2, 1),
(460, 46, '2023-02-20', 61, 0, 420, 50, 0, 0, 0, 522, 0, 3, 8, 0, 0, 0, 0, 0, 0, 0, 0, 33502, '2023-02-24 06:36:38', 2, 1),
(461, 45, '2023-02-20', 0, 0, 420, 0, 0, 0, 0, 0, 0, 2, 0, 0, 0, 0, 0, 0, 0, 0, 0, 840, '2023-02-24 06:37:03', 2, 1),
(462, 25, '2023-02-20', 61, 0, 420, 0, 0, 0, 0, 243, 0, 6, 0, 0, 0, 0, 0, 0, 0, 0, 0, 17343, '2023-02-24 06:37:36', 2, 1),
(463, 21, '2023-02-21', 61, 0, 420, 0, 0, 0, 0, 1040, 0, 2, 0, 0, 0, 0, 0, 0, 0, 0, 0, 64280, '2023-02-24 06:38:39', 2, 1),
(464, 16, '2023-02-21', 61, 0, 420, 50, 0, 0, 0, 2514, 0, 19, 26, 0, 0, 0, 0, 0, 0, 0, 0, 162634, '2023-02-24 06:40:09', 2, 1),
(465, 39, '2023-02-21', 62, 0, 420, 50, 0, 0, 0, 531, 0, 4, 8, 0, 0, 0, 0, 0, 0, 0, 0, 35002, '2023-02-24 06:41:12', 2, 1),
(466, 15, '2023-02-21', 61, 0, 420, 50, 0, 0, 0, 250, 0, 10, 10, 0, 0, 0, 0, 0, 0, 0, 0, 19950, '2023-02-24 06:41:50', 2, 1),
(467, 14, '2023-02-21', 61, 0, 420, 0, 70, 0, 0, 150, 0, 3, 0, 3, 0, 0, 0, 0, 0, 0, 0, 10620, '2023-02-24 06:42:43', 2, 1),
(468, 25, '2023-02-21', 61, 0, 420, 0, 0, 0, 0, 924, 0, 5, 0, 0, 0, 0, 0, 0, 0, 0, 0, 58464, '2023-02-24 06:44:17', 2, 1),
(469, 46, '2023-02-21', 61, 0, 420, 0, 0, 0, 0, 502, 0, 4, 0, 0, 0, 0, 0, 0, 0, 0, 0, 32302, '2023-02-24 06:44:51', 2, 1),
(470, 19, '2023-02-21', 61, 0, 420, 0, 0, 0, 0, 653, 0, 5, 0, 0, 0, 0, 0, 0, 0, 0, 0, 41933, '2023-02-24 06:45:22', 2, 1),
(471, 16, '2023-02-20', 61, 0, 420, 50, 0, 0, 0, 2433, 0, 3, 10, 0, 0, 0, 1600, 1, 0, 0, 0, 151773, '2023-02-24 06:48:24', 2, 1),
(472, 39, '2023-02-22', 62, 0, 420, 50, 0, 0, 0, 655, 0, 6, 2, 0, 0, 0, 0, 0, 0, 0, 0, 43230, '2023-02-24 06:50:55', 2, 1),
(473, 16, '2023-02-22', 61, 0, 420, 50, 0, 0, 0, 2507, 0, 18, 24, 0, 0, 0, 1600, 1, 0, 0, 0, 163287, '2023-02-24 06:52:27', 2, 1),
(474, 23, '2023-02-22', 61, 0, 420, 50, 0, 0, 0, 700, 0, 4, 8, 0, 0, 0, 0, 0, 0, 0, 0, 44780, '2023-02-24 06:54:24', 2, 1),
(475, 19, '2023-02-22', 61, 0, 0, 50, 0, 0, 0, 1317, 0, 0, 16, 0, 0, 0, 0, 0, 0, 0, 0, 81137, '2023-02-24 06:55:30', 2, 1),
(476, 15, '2023-02-22', 61, 0, 61, 50, 0, 0, 0, 1253, 0, 11, 12, 0, 0, 0, 0, 0, 0, 0, 0, 77704, '2023-02-24 06:56:39', 2, 1),
(477, 21, '2023-02-22', 61, 0, 420, 0, 0, 0, 0, 1760, 0, 7, 0, 0, 0, 0, 0, 0, 0, 0, 0, 110300, '2023-02-24 06:57:24', 2, 1),
(478, 17, '2023-02-22', 0, 0, 420, 50, 0, 0, 0, 0, 0, 5, 8, 0, 0, 0, 0, 0, 0, 0, 0, 2500, '2023-02-24 06:57:53', 2, 1),
(479, 25, '2023-02-22', 61, 0, 420, 0, 0, 0, 0, 717, 0, 6, 0, 0, 0, 0, 0, 0, 0, 0, 0, 46257, '2023-02-24 06:58:33', 2, 1),
(480, 46, '2023-02-22', 61, 0, 420, 50, 0, 0, 0, 252, 0, 1, 8, 0, 0, 0, 0, 0, 0, 0, 0, 16192, '2023-02-24 06:59:27', 2, 1),
(481, 45, '2023-02-22', 0, 0, 420, 0, 0, 0, 0, 0, 0, 3, 0, 0, 0, 0, 0, 0, 0, 0, 0, 1260, '2023-02-24 06:59:48', 2, 1),
(482, 14, '2023-02-23', 61, 0, 0, 0, 0, 0, 0, 200, 0, 0, 0, 0, 0, 0, 0, 0, 0, 0, 0, 12200, '2023-02-24 07:00:46', 2, 1),
(483, 39, '2023-02-23', 62, 0, 420, 50, 0, 0, 0, 300, 0, 1, 8, 0, 0, 0, 0, 0, 0, 0, 0, 19420, '2023-02-24 07:01:32', 2, 1),
(484, 16, '2023-02-23', 61, 0, 420, 50, 0, 0, 0, 1333, 0, 1, 8, 0, 0, 0, 0, 0, 0, 0, 0, 82133, '2023-02-24 07:02:30', 2, 1),
(485, 17, '2023-02-23', 62, 0, 420, 50, 0, 0, 0, 353, 0, 8, 24, 0, 0, 0, 0, 0, 0, 0, 0, 26446, '2023-02-24 07:03:18', 2, 1),
(486, 15, '2023-02-23', 0, 0, 420, 50, 0, 0, 0, 0, 0, 4, 8, 0, 0, 0, 0, 0, 0, 0, 0, 2080, '2023-02-24 07:03:53', 2, 1),
(487, 25, '2023-02-23', 62, 0, 0, 0, 0, 0, 0, 920, 0, 0, 0, 0, 0, 0, 0, 0, 0, 0, 0, 57040, '2023-02-24 07:04:25', 2, 1),
(488, 21, '2023-02-24', 61, 0, 0, 0, 0, 0, 0, 674, 0, 0, 0, 0, 0, 0, 0, 0, 0, 0, 0, 41114, '2023-02-25 10:56:36', 2, 0),
(489, 16, '2023-02-25', 61, 0, 420, 50, 0, 0, 0, 1900, 0, 5, 13, 0, 0, 0, 0, 0, 0, 0, 0, 118650, '2023-02-25 10:41:46', 2, 1),
(490, 17, '2023-02-25', 62, 0, 420, 50, 0, 0, 0, 848, 0, 10, 16, 0, 0, 0, 0, 0, 0, 0, 0, 57576, '2023-02-25 10:42:34', 2, 1),
(491, 39, '2023-02-25', 62, 0, 420, 50, 0, 0, 0, 853, 0, 5, 8, 0, 0, 0, 0, 0, 0, 0, 0, 55386, '2023-02-25 10:43:35', 2, 1),
(492, 15, '2023-02-25', 61, 0, 420, 50, 0, 0, 0, 269, 0, 8, 16, 0, 0, 0, 0, 0, 0, 0, 0, 20569, '2023-02-25 10:44:19', 2, 1),
(493, 21, '2023-02-25', 61, 0, 0, 0, 0, 0, 0, 676, 0, 0, 0, 0, 0, 0, 0, 0, 0, 0, 0, 41236, '2023-02-25 10:44:41', 2, 1),
(494, 46, '2023-02-25', 61, 0, 420, 0, 0, 0, 0, 533, 0, 2, 0, 0, 0, 0, 0, 0, 0, 0, 0, 33353, '2023-02-25 10:45:21', 2, 1),
(495, 19, '2023-02-25', 61, 0, 0, 0, 0, 0, 0, 216, 0, 0, 0, 0, 0, 0, 0, 0, 0, 0, 0, 13176, '2023-02-25 10:45:45', 2, 1),
(496, 14, '2023-02-25', 61, 0, 420, 0, 70, 0, 0, 400, 0, 3, 0, 3, 0, 0, 0, 0, 0, 0, 0, 25870, '2023-02-25 10:46:41', 2, 1),
(497, 41, '2023-02-25', 61, 0, 0, 0, 0, 0, 0, 25, 0, 0, 0, 0, 0, 0, 0, 0, 0, 0, 0, 1525, '2023-02-25 10:47:00', 2, 1),
(498, 25, '2023-02-25', 62, 0, 0, 0, 0, 0, 0, 239, 0, 0, 0, 0, 0, 0, 0, 0, 0, 0, 0, 14818, '2023-02-25 10:47:29', 2, 1),
(499, 14, '2023-02-24', 61, 21, 420, 0, 0, 0, 0, 830, 100, 5, 0, 0, 0, 0, 0, 0, 0, 0, 0, 54830, '2023-02-25 10:57:56', 2, 1),
(500, 25, '2023-02-24', 62, 0, 420, 0, 0, 0, 0, 478, 0, 6, 0, 0, 0, 0, 0, 0, 0, 0, 0, 32156, '2023-02-25 10:58:36', 2, 1),
(501, 19, '2023-02-24', 61, 0, 420, 400, 0, 0, 0, 625, 0, 5, 9, 0, 0, 0, 0, 0, 0, 0, 0, 43825, '2023-02-25 10:59:27', 2, 1),
(502, 16, '2023-02-24', 61, 0, 420, 50, 0, 0, 0, 3808, 0, 20, 32, 0, 0, 0, 1600, 1, 0, 0, 0, 243888, '2023-02-25 11:01:38', 2, 1),
(503, 15, '2023-02-24', 0, 0, 420, 50, 0, 0, 0, 0, 0, 8, 8, 0, 0, 0, 0, 0, 0, 0, 0, 3760, '2023-02-25 11:04:03', 2, 1),
(504, 17, '2023-02-24', 62, 0, 420, 50, 0, 0, 0, 960, 0, 10, 16, 0, 0, 0, 0, 0, 0, 0, 0, 64520, '2023-02-25 11:23:28', 2, 1),
(505, 39, '2023-02-24', 62, 0, 420, 50, 0, 0, 0, 750, 0, 6, 8, 0, 0, 0, 0, 0, 0, 0, 0, 49420, '2023-02-25 11:24:16', 2, 1),
(506, 21, '2023-02-24', 61, 0, 420, 0, 0, 0, 0, 1134, 0, 4, 0, 0, 0, 0, 0, 0, 0, 0, 0, 70854, '2023-02-25 11:24:51', 2, 1),
(507, 46, '2023-02-24', 61, 0, 420, 50, 0, 0, 0, 467, 0, 3, 8, 0, 0, 0, 0, 0, 0, 0, 0, 30147, '2023-02-25 11:25:39', 2, 1),
(508, 21, '2023-02-23', 61, 0, 0, 0, 0, 0, 0, 674, 0, 0, 0, 0, 0, 0, 0, 0, 0, 0, 0, 41114, '2023-02-25 11:44:10', 2, 1),
(509, 39, '2023-02-20', 62, 0, 420, 50, 0, 0, 0, 868, 0, 5, 8, 0, 0, 0, 0, 0, 0, 0, 0, 56316, '2023-02-25 12:25:04', 2, 1),
(510, 14, '2023-02-26', 61, 0, 420, 50, 70, 0, 0, 210, 0, 6, 8, 3, 0, 0, 0, 0, 0, 0, 0, 15940, '2023-02-26 05:38:14', 2, 1),
(511, 16, '2023-02-26', 61, 0, 420, 50, 0, 0, 0, 1988, 0, 13, 20, 0, 0, 0, 1600, 1, 0, 0, 0, 129328, '2023-02-26 05:40:05', 2, 1),
(512, 39, '2023-02-26', 61, 0, 62, 50, 0, 0, 0, 880, 0, 7, 16, 0, 0, 0, 0, 0, 0, 0, 0, 54914, '2023-02-26 05:41:17', 2, 1),
(513, 17, '2023-02-26', 0, 0, 420, 50, 0, 0, 0, 0, 0, 6, 8, 0, 0, 0, 0, 0, 0, 0, 0, 2920, '2023-02-26 05:41:48', 2, 1),
(514, 21, '2023-02-26', 61, 0, 420, 0, 0, 0, 0, 503, 0, 6, 0, 0, 0, 0, 0, 0, 0, 0, 0, 33203, '2023-02-26 06:36:36', 2, 0),
(515, 15, '2023-02-26', 61, 0, 420, 50, 0, 0, 0, 460, 0, 7, 8, 0, 0, 0, 0, 0, 0, 0, 0, 31400, '2023-02-26 05:43:05', 2, 1),
(516, 46, '2023-02-26', 61, 0, 420, 0, 0, 0, 0, 416, 0, 2, 0, 0, 0, 0, 0, 0, 0, 0, 0, 26216, '2023-02-26 05:43:42', 2, 1),
(517, 21, '2023-02-26', 61, 0, 420, 0, 0, 0, 0, 2140, 0, 6, 0, 0, 0, 0, 0, 0, 0, 0, 0, 133060, '2023-02-26 06:37:56', 2, 0),
(518, 21, '2023-02-26', 61, 0, 420, 0, 0, 0, 0, 1240, 0, 6, 0, 0, 0, 0, 0, 0, 0, 0, 0, 78160, '2023-02-26 06:38:20', 2, 1),
(519, 19, '2023-02-26', 61, 0, 420, 0, 0, 0, 0, 503, 0, 4, 0, 0, 0, 0, 0, 0, 0, 0, 0, 32363, '2023-02-26 06:47:34', 2, 1),
(520, 46, '2023-02-19', 61, 0, 420, 50, 0, 0, 0, 707, 0, 3, 8, 0, 0, 0, 0, 0, 0, 0, 0, 44787, '2023-02-26 07:49:35', 2, 1),
(521, 39, '2023-02-27', 62, 0, 420, 0, 0, 0, 0, 410, 0, 3, 0, 0, 0, 0, 0, 0, 0, 0, 0, 26680, '2023-03-05 05:18:32', 2, 1),
(522, 16, '2023-02-27', 61, 0, 420, 50, 0, 0, 0, 1274, 0, 9, 21, 0, 0, 0, 0, 0, 0, 0, 0, 82544, '2023-03-05 05:22:10', 2, 1),
(523, 15, '2023-02-27', 61, 0, 420, 0, 0, 0, 0, 342, 0, 5, 0, 0, 0, 0, 0, 0, 0, 0, 0, 22962, '2023-03-05 05:23:04', 2, 1),
(524, 19, '2023-02-27', 61, 0, 420, 0, 0, 0, 0, 1020, 0, 2, 0, 0, 0, 0, 0, 0, 0, 0, 0, 63060, '2023-03-05 05:24:03', 2, 1),
(525, 14, '2023-02-27', 61, 0, 420, 0, 0, 0, 0, 1400, 0, 5, 0, 0, 0, 0, 0, 0, 0, 0, 0, 87500, '2023-03-05 05:26:17', 2, 1),
(526, 21, '2023-02-27', 61, 0, 420, 0, 0, 0, 0, 1240, 0, 6, 0, 0, 0, 0, 0, 0, 0, 0, 0, 78160, '2023-03-05 05:27:06', 2, 1),
(527, 16, '2023-02-28', 61, 0, 420, 50, 0, 0, 0, 1614, 0, 6, 16, 0, 0, 0, 0, 0, 0, 0, 0, 101774, '2023-03-05 05:29:46', 2, 1),
(528, 39, '2023-02-28', 62, 0, 420, 0, 0, 0, 0, 500, 0, 4, 0, 0, 0, 0, 0, 0, 0, 0, 0, 32680, '2023-03-05 05:30:47', 2, 1),
(529, 17, '2023-02-28', 0, 0, 420, 50, 0, 0, 0, 0, 0, 5, 8, 0, 0, 0, 0, 0, 0, 0, 0, 2500, '2023-03-05 05:31:30', 2, 1),
(530, 19, '2023-02-28', 61, 0, 420, 0, 0, 0, 0, 403, 0, 4, 0, 0, 0, 0, 0, 0, 0, 0, 0, 26263, '2023-03-05 05:32:12', 2, 1),
(531, 46, '2023-02-28', 61, 0, 420, 50, 0, 0, 0, 735, 0, 3, 8, 0, 0, 0, 0, 0, 0, 0, 0, 46495, '2023-03-05 05:33:15', 2, 1),
(532, 21, '2023-02-28', 61, 0, 420, 0, 0, 0, 0, 1040, 0, 6, 0, 0, 0, 0, 0, 0, 0, 0, 0, 65960, '2023-03-05 05:34:17', 2, 1),
(533, 14, '2023-02-28', 61, 0, 420, 0, 0, 0, 0, 200, 0, 5, 0, 0, 0, 0, 0, 0, 0, 0, 0, 14300, '2023-03-05 05:38:09', 2, 1),
(534, 15, '2023-02-28', 61, 0, 420, 50, 0, 0, 0, 277, 0, 11, 12, 0, 0, 0, 0, 0, 0, 0, 0, 22117, '2023-03-05 05:39:58', 2, 1),
(535, 23, '2023-02-28', 61, 0, 0, 0, 0, 0, 0, 208, 0, 0, 0, 0, 0, 0, 0, 0, 0, 0, 0, 12688, '2023-03-05 05:40:22', 2, 1),
(536, 14, '2023-03-01', 61, 21, 420, 0, 0, 0, 0, 1160, 150, 6, 0, 0, 0, 0, 0, 0, 0, 0, 0, 76430, '2023-03-05 05:43:12', 2, 1),
(537, 39, '2023-03-01', 62, 0, 420, 50, 0, 0, 0, 304, 0, 2, 8, 0, 0, 0, 0, 0, 0, 0, 0, 20088, '2023-03-05 05:44:22', 2, 1),
(538, 21, '2023-03-01', 61, 0, 420, 0, 0, 0, 0, 800, 0, 4, 0, 0, 0, 0, 0, 0, 0, 0, 0, 50480, '2023-03-05 05:44:58', 2, 1),
(539, 46, '2023-03-01', 61, 0, 420, 0, 0, 0, 0, 485, 0, 3, 0, 0, 0, 0, 0, 0, 0, 0, 0, 30845, '2023-03-05 05:45:43', 2, 1),
(540, 16, '2023-03-01', 61, 0, 420, 50, 0, 0, 0, 1606, 0, 6, 16, 0, 0, 0, 0, 0, 0, 0, 0, 101286, '2023-03-05 05:46:50', 2, 1),
(541, 23, '2023-03-01', 61, 0, 0, 0, 0, 0, 0, 300, 0, 0, 0, 0, 0, 0, 0, 0, 0, 0, 0, 18300, '2023-03-05 05:47:18', 2, 1),
(542, 17, '2023-03-01', 62, 0, 420, 50, 0, 0, 0, 298, 0, 7, 16, 0, 0, 0, 0, 0, 0, 0, 0, 22216, '2023-03-05 05:48:16', 2, 1),
(543, 15, '2023-03-01', 61, 0, 420, 50, 0, 0, 0, 150, 0, 6, 8, 0, 0, 0, 0, 0, 0, 0, 0, 12070, '2023-03-05 05:49:02', 2, 1),
(544, 19, '2023-03-01', 61, 0, 0, 0, 0, 0, 0, 403, 0, 0, 0, 0, 0, 0, 0, 0, 0, 0, 0, 24583, '2023-03-05 05:49:26', 2, 1),
(545, 17, '2023-03-02', 62, 0, 420, 50, 0, 0, 0, 634, 0, 10, 16, 0, 0, 0, 0, 0, 0, 0, 0, 44308, '2023-03-05 05:57:59', 2, 1),
(546, 16, '2023-03-02', 61, 0, 420, 50, 0, 0, 0, 2892, 0, 17, 24, 0, 0, 0, 1400, 1, 0, 0, 0, 186152, '2023-03-05 05:59:50', 2, 1),
(547, 15, '2023-03-02', 0, 0, 420, 50, 0, 0, 0, 0, 0, 7, 8, 0, 0, 0, 0, 0, 0, 0, 0, 3340, '2023-03-05 06:00:49', 2, 1),
(548, 41, '2023-03-02', 0, 0, 420, 0, 0, 0, 0, 0, 0, 2, 0, 0, 0, 0, 0, 0, 0, 0, 0, 840, '2023-03-05 06:01:12', 2, 1),
(549, 39, '2023-03-02', 62, 0, 420, 50, 0, 0, 0, 910, 0, 7, 8, 0, 0, 0, 0, 0, 0, 0, 0, 59760, '2023-03-05 06:01:57', 2, 1),
(550, 14, '2023-03-02', 61, 0, 420, 50, 0, 0, 0, 170, 0, 3, 8, 0, 0, 0, 0, 0, 0, 0, 0, 12030, '2023-03-05 06:02:47', 2, 1),
(551, 21, '2023-03-02', 61, 0, 0, 0, 0, 0, 0, 150, 0, 0, 0, 0, 0, 0, 0, 0, 0, 0, 0, 9150, '2023-03-05 06:03:17', 2, 1),
(552, 23, '2023-03-02', 61, 0, 0, 0, 0, 0, 0, 403, 0, 0, 0, 0, 0, 0, 0, 0, 0, 0, 0, 24583, '2023-03-05 06:03:37', 2, 1),
(553, 15, '2023-03-03', 61, 0, 420, 50, 0, 0, 0, 1259, 0, 14, 24, 0, 0, 0, 0, 0, 0, 0, 0, 83879, '2023-03-05 06:05:43', 2, 1),
(554, 23, '2023-03-03', 61, 0, 0, 0, 0, 0, 0, 720, 0, 0, 0, 0, 0, 0, 0, 0, 0, 0, 0, 43920, '2023-03-05 06:06:29', 2, 1),
(555, 17, '2023-03-03', 0, 0, 420, 50, 0, 0, 0, 0, 0, 1, 8, 0, 0, 0, 0, 0, 0, 0, 0, 820, '2023-03-05 06:07:51', 2, 1),
(556, 39, '2023-03-03', 62, 0, 420, 50, 0, 0, 0, 1230, 0, 6, 8, 0, 0, 0, 0, 0, 0, 0, 0, 79180, '2023-03-05 06:09:30', 2, 1),
(557, 16, '2023-03-03', 61, 0, 420, 50, 0, 0, 0, 986, 0, 6, 16, 0, 0, 0, 0, 0, 0, 0, 0, 63466, '2023-03-05 06:11:06', 2, 1),
(558, 21, '2023-03-03', 61, 0, 420, 0, 0, 0, 0, 1266, 0, 2, 0, 0, 0, 0, 0, 0, 0, 0, 0, 78066, '2023-03-05 06:11:55', 2, 1),
(559, 19, '2023-03-03', 61, 0, 420, 50, 0, 0, 0, 403, 0, 4, 24, 0, 0, 0, 0, 0, 0, 0, 0, 27463, '2023-03-05 06:12:49', 2, 1),
(560, 14, '2023-03-03', 61, 21, 420, 50, 0, 0, 0, 600, 200, 7, 8, 0, 0, 0, 0, 0, 0, 0, 0, 44140, '2023-03-05 06:13:46', 2, 1),
(561, 46, '2023-03-03', 61, 0, 420, 50, 0, 0, 0, 582, 0, 4, 8, 0, 0, 0, 0, 0, 0, 0, 0, 37582, '2023-03-05 06:14:41', 2, 1),
(562, 16, '2023-03-04', 61, 0, 420, 50, 0, 0, 0, 1658, 0, 9, 16, 0, 0, 0, 0, 0, 0, 0, 0, 105718, '2023-03-05 06:18:56', 2, 1),
(563, 19, '2023-03-04', 61, 0, 420, 50, 0, 0, 0, 620, 0, 6, 16, 0, 0, 0, 0, 0, 0, 0, 0, 41140, '2023-03-05 06:19:52', 2, 1),
(564, 21, '2023-03-04', 61, 0, 0, 0, 0, 0, 0, 721, 0, 0, 0, 0, 0, 0, 0, 0, 0, 0, 0, 43981, '2023-03-05 06:22:32', 2, 1),
(565, 14, '2023-03-04', 61, 0, 420, 0, 0, 0, 0, 130, 0, 4, 0, 0, 0, 0, 0, 0, 0, 0, 0, 9610, '2023-03-05 06:23:30', 2, 1),
(566, 39, '2023-03-04', 61, 0, 420, 50, 0, 0, 0, 200, 0, 2, 8, 0, 0, 0, 0, 0, 0, 0, 0, 13440, '2023-03-05 06:24:19', 2, 1),
(567, 15, '2023-03-04', 61, 0, 420, 50, 0, 0, 0, 433, 0, 8, 8, 0, 0, 0, 0, 0, 0, 0, 0, 30173, '2023-03-05 06:25:12', 2, 1),
(568, 46, '2023-03-04', 61, 0, 420, 50, 0, 0, 0, 359, 0, 4, 8, 0, 0, 0, 0, 0, 0, 0, 0, 23979, '2023-03-05 06:26:13', 2, 1),
(569, 14, '2023-03-05', 61, 21, 420, 50, 0, 0, 0, 550, 500, 6, 8, 0, 0, 0, 0, 0, 0, 0, 0, 46970, '2023-03-05 06:27:19', 2, 1),
(570, 23, '2023-03-05', 59, 21, 0, 0, 0, 0, 0, 845, 400, 0, 0, 0, 0, 0, 0, 0, 0, 0, 0, 58255, '2023-03-05 06:27:57', 2, 1),
(571, 17, '2023-03-06', 0, 0, 430, 50, 0, 0, 0, 0, 0, 5, 8, 0, 0, 0, 0, 0, 0, 0, 0, 2550, '2023-03-09 07:24:45', 2, 1),
(572, 15, '2023-03-07', 61, 0, 430, 50, 0, 0, 0, 1000, 0, 12, 16, 0, 0, 0, 0, 0, 0, 0, 0, 66960, '2023-03-09 07:25:40', 2, 1),
(573, 16, '2023-03-07', 61, 0, 420, 50, 0, 0, 0, 1928, 0, 12, 24, 0, 0, 0, 0, 0, 0, 0, 0, 123848, '2023-03-09 07:26:59', 2, 1),
(574, 19, '2023-03-07', 61, 0, 420, 0, 0, 0, 0, 403, 0, 6, 0, 0, 0, 0, 0, 0, 0, 0, 0, 27103, '2023-03-09 07:27:29', 2, 1),
(575, 39, '2023-03-07', 61, 0, 420, 0, 0, 0, 0, 300, 0, 3, 0, 0, 0, 0, 0, 0, 0, 0, 0, 19560, '2023-03-09 07:28:04', 2, 1),
(576, 17, '2023-03-07', 62, 0, 430, 50, 0, 0, 0, 160, 0, 7, 8, 0, 0, 0, 0, 0, 0, 0, 0, 13330, '2023-03-09 07:28:35', 2, 1),
(577, 14, '2023-03-07', 61, 0, 420, 0, 0, 0, 0, 105, 0, 5, 0, 0, 0, 0, 0, 0, 0, 0, 0, 8505, '2023-03-09 07:29:05', 2, 1),
(578, 46, '2023-03-07', 61, 0, 420, 0, 0, 0, 0, 443, 0, 2, 0, 0, 0, 0, 0, 0, 0, 0, 0, 27863, '2023-03-09 07:29:38', 2, 1),
(579, 21, '2023-03-07', 61, 0, 420, 0, 0, 0, 0, 1176, 0, 5, 0, 0, 0, 0, 0, 0, 0, 0, 0, 73836, '2023-03-09 07:30:15', 2, 1),
(580, 21, '2023-03-08', 61, 0, 420, 0, 0, 0, 0, 1284, 0, 9, 0, 0, 0, 0, 0, 0, 0, 0, 0, 82104, '2023-03-09 07:31:35', 2, 1),
(581, 23, '2023-03-08', 59, 0, 0, 0, 0, 0, 0, 700, 0, 0, 0, 0, 0, 0, 0, 0, 0, 0, 0, 41300, '2023-03-09 07:32:20', 2, 1),
(582, 16, '2023-03-08', 61, 0, 420, 50, 0, 0, 0, 2615, 0, 12, 24, 0, 0, 0, 1400, 2, 0, 0, 0, 168555, '2023-03-09 07:33:38', 2, 1),
(583, 15, '2023-03-08', 61, 0, 420, 50, 0, 0, 0, 414, 0, 7, 8, 0, 0, 0, 0, 0, 0, 0, 0, 28594, '2023-03-09 07:34:29', 2, 1),
(584, 39, '2023-03-08', 61, 0, 420, 0, 0, 0, 0, 681, 0, 3, 0, 0, 0, 0, 0, 0, 0, 0, 0, 42801, '2023-03-09 07:35:12', 2, 1),
(585, 19, '2023-03-08', 61, 0, 420, 50, 0, 0, 0, 420, 0, 7, 72, 0, 0, 0, 0, 0, 0, 0, 0, 32160, '2023-03-09 07:36:07', 2, 1),
(586, 14, '2023-03-08', 61, 0, 420, 0, 0, 0, 0, 500, 0, 5, 0, 0, 0, 0, 0, 0, 0, 0, 0, 32600, '2023-03-09 07:36:37', 2, 1),
(587, 46, '2023-03-08', 61, 0, 420, 50, 0, 0, 0, 537, 0, 3, 8, 0, 0, 0, 0, 0, 0, 0, 0, 34417, '2023-03-09 07:37:20', 2, 1),
(588, 25, '2023-03-08', 62, 0, 0, 0, 0, 0, 0, 900, 0, 0, 0, 0, 0, 0, 0, 0, 0, 0, 0, 55800, '2023-03-09 07:37:41', 2, 1),
(589, 16, '2023-03-09', 61, 0, 420, 50, 0, 0, 0, 1603, 0, 5, 8, 0, 0, 0, 1400, 1, 0, 0, 0, 101683, '2023-03-11 06:24:14', 2, 1),
(590, 17, '2023-03-09', 0, 0, 430, 50, 0, 0, 0, 0, 0, 6, 8, 0, 0, 0, 0, 0, 0, 0, 0, 2980, '2023-03-11 06:24:48', 2, 1),
(591, 15, '2023-03-09', 61, 0, 430, 50, 0, 0, 0, 224, 0, 13, 20, 0, 0, 0, 0, 0, 0, 0, 0, 20254, '2023-03-11 06:25:26', 2, 1),
(592, 21, '2023-03-09', 61, 0, 420, 50, 0, 0, 0, 1170, 0, 5, 4, 0, 0, 0, 0, 0, 0, 0, 0, 73670, '2023-03-11 06:26:09', 2, 1),
(593, 41, '2023-03-09', 61, 0, 0, 0, 0, 0, 0, 52, 0, 0, 0, 0, 0, 0, 0, 0, 0, 0, 0, 3172, '2023-03-11 06:26:32', 2, 1),
(594, 19, '2023-03-09', 0, 0, 420, 0, 0, 0, 0, 0, 0, 5, 0, 0, 0, 0, 0, 0, 0, 0, 0, 2100, '2023-03-11 06:26:52', 2, 1),
(595, 39, '2023-03-09', 61, 0, 420, 50, 0, 0, 0, 800, 0, 2, 8, 0, 0, 0, 0, 0, 0, 0, 0, 50040, '2023-03-11 06:27:58', 2, 1),
(596, 14, '2023-03-09', 61, 0, 420, 0, 70, 0, 0, 50, 0, 2, 0, 3, 0, 0, 0, 0, 0, 0, 0, 4100, '2023-03-11 06:31:59', 2, 1),
(597, 16, '2023-03-10', 61, 0, 420, 50, 0, 0, 0, 2278, 0, 4, 16, 0, 0, 0, 0, 0, 0, 0, 0, 141438, '2023-03-11 06:33:02', 2, 1),
(598, 17, '2023-03-10', 0, 0, 430, 50, 0, 0, 0, 0, 0, 7, 16, 0, 0, 0, 0, 0, 0, 0, 0, 3810, '2023-03-11 06:33:34', 2, 1),
(599, 39, '2023-03-10', 61, 0, 420, 50, 0, 0, 0, 1000, 0, 3, 8, 0, 0, 0, 0, 0, 0, 0, 0, 62660, '2023-03-11 06:34:04', 2, 1),
(600, 19, '2023-03-10', 61, 0, 420, 0, 0, 0, 0, 613, 0, 12, 0, 0, 0, 0, 0, 0, 0, 0, 0, 42433, '2023-03-11 06:34:32', 2, 1),
(601, 46, '2023-03-10', 61, 0, 420, 50, 0, 0, 0, 435, 0, 3, 8, 0, 0, 0, 0, 0, 0, 0, 0, 28195, '2023-03-11 06:35:24', 2, 1),
(602, 15, '2023-03-10', 61, 0, 420, 50, 0, 0, 0, 454, 0, 8, 16, 0, 0, 0, 0, 0, 0, 0, 0, 31854, '2023-03-11 06:36:01', 2, 1),
(603, 14, '2023-03-10', 61, 0, 430, 0, 0, 0, 0, 750, 0, 7, 0, 0, 0, 0, 0, 0, 0, 0, 0, 48760, '2023-03-11 06:36:35', 2, 1),
(604, 25, '2023-03-10', 62, 0, 430, 400, 0, 0, 0, 440, 0, 4, 9, 0, 0, 0, 0, 0, 0, 0, 0, 32600, '2023-03-11 06:37:12', 2, 1),
(605, 16, '2023-03-11', 61, 0, 420, 50, 0, 0, 0, 2642, 0, 16, 28, 0, 0, 0, 0, 0, 0, 0, 0, 169282, '2023-03-11 06:44:20', 2, 1),
(606, 21, '2023-03-11', 61, 0, 420, 0, 0, 0, 0, 1040, 0, 2, 0, 0, 0, 0, 0, 0, 0, 0, 0, 64280, '2023-03-11 06:45:50', 2, 1),
(607, 39, '2023-03-11', 61, 0, 420, 50, 0, 0, 0, 1000, 0, 5, 8, 0, 0, 0, 0, 0, 0, 0, 0, 63500, '2023-03-11 06:48:19', 2, 1),
(608, 17, '2023-03-11', 0, 0, 430, 50, 0, 0, 0, 0, 0, 7, 8, 0, 0, 0, 0, 0, 0, 0, 0, 3410, '2023-03-11 06:48:46', 2, 1),
(609, 15, '2023-03-11', 61, 0, 420, 50, 0, 0, 0, 329, 0, 6, 8, 0, 0, 0, 0, 0, 0, 0, 0, 22989, '2023-03-11 06:49:28', 2, 1),
(610, 46, '2023-03-11', 61, 0, 420, 0, 0, 0, 0, 575, 0, 2, 0, 0, 0, 0, 0, 0, 0, 0, 0, 35915, '2023-03-11 06:50:04', 2, 1),
(611, 19, '2023-03-11', 61, 0, 420, 0, 0, 0, 0, 590, 0, 2, 0, 0, 0, 0, 0, 0, 0, 0, 0, 36830, '2023-03-11 06:50:42', 2, 1),
(612, 14, '2023-03-11', 61, 0, 420, 0, 0, 0, 0, 822, 0, 4, 0, 0, 0, 0, 0, 0, 0, 0, 0, 51822, '2023-03-11 06:51:42', 2, 1),
(613, 40, '2023-03-11', 61, 0, 0, 0, 0, 0, 0, 247, 0, 0, 0, 0, 0, 0, 0, 0, 0, 0, 0, 15067, '2023-03-11 06:52:00', 2, 1),
(614, 25, '2023-03-11', 61, 0, 0, 0, 0, 0, 0, 924, 0, 0, 0, 0, 0, 0, 0, 0, 0, 0, 0, 56364, '2023-03-11 06:52:17', 2, 1),
(615, 21, '2023-03-10', 61, 0, 420, 0, 0, 0, 0, 1300, 0, 6, 0, 0, 0, 0, 0, 0, 0, 0, 0, 81820, '2023-03-11 07:23:57', 2, 1),
(616, 14, '2023-03-12', 61, 0, 420, 0, 0, 0, 0, 875, 0, 5, 0, 0, 0, 0, 0, 0, 0, 0, 0, 55475, '2023-03-12 09:19:18', 2, 1),
(617, 21, '2023-03-12', 61, 0, 420, 0, 0, 0, 0, 1344, 0, 4, 0, 0, 0, 0, 0, 0, 0, 0, 0, 83664, '2023-03-12 09:19:55', 2, 1),
(618, 16, '2023-03-12', 61, 0, 420, 50, 0, 0, 0, 1675, 0, 12, 16, 0, 0, 0, 0, 0, 0, 0, 0, 108015, '2023-03-12 09:33:22', 2, 0),
(619, 39, '2023-03-12', 61, 0, 420, 50, 0, 0, 0, 700, 0, 5, 8, 0, 0, 0, 0, 0, 0, 0, 0, 45200, '2023-03-12 09:21:53', 2, 1),
(620, 46, '2023-03-12', 61, 0, 420, 50, 0, 0, 0, 615, 0, 4, 8, 0, 0, 0, 0, 0, 0, 0, 0, 39595, '2023-03-12 09:22:28', 2, 1),
(621, 19, '2023-03-12', 61, 0, 420, 0, 0, 0, 0, 310, 0, 9, 0, 0, 0, 0, 0, 0, 0, 0, 0, 22690, '2023-03-12 09:23:03', 2, 1),
(622, 15, '2023-03-12', 61, 0, 420, 50, 0, 0, 0, 599, 0, 4, 8, 0, 0, 0, 0, 0, 0, 0, 0, 38619, '2023-03-12 09:23:46', 2, 1),
(623, 17, '2023-03-12', 0, 0, 430, 50, 0, 0, 0, 0, 0, 4, 8, 0, 0, 0, 0, 0, 0, 0, 0, 2120, '2023-03-12 09:24:10', 2, 1),
(624, 25, '2023-03-12', 62, 0, 430, 0, 0, 0, 0, 704, 0, 6, 0, 0, 0, 0, 0, 0, 0, 0, 0, 46228, '2023-03-12 09:24:59', 2, 1),
(625, 40, '2023-03-12', 61, 0, 0, 0, 0, 0, 0, 253, 0, 0, 0, 0, 0, 0, 0, 0, 0, 0, 0, 15433, '2023-03-12 09:25:14', 2, 1),
(626, 16, '2023-03-12', 61, 0, 420, 50, 0, 0, 0, 1935, 0, 13, 19, 0, 0, 0, 0, 0, 0, 0, 0, 124445, '2023-03-12 09:34:19', 2, 1),
(627, 14, '2023-03-13', 61, 0, 430, 0, 0, 0, 0, 790, 0, 4, 0, 0, 0, 0, 0, 0, 0, 0, 0, 49910, '2023-03-17 05:55:11', 2, 1),
(628, 16, '2023-03-13', 61, 0, 430, 50, 0, 0, 0, 1111, 0, 7, 8, 0, 0, 0, 1400, 1, 0, 0, 0, 72581, '2023-03-17 05:55:58', 2, 1),
(629, 15, '2023-03-13', 0, 0, 430, 50, 0, 0, 0, 0, 0, 6, 8, 0, 0, 0, 0, 0, 0, 0, 0, 2980, '2023-03-17 05:56:24', 2, 1),
(630, 19, '2023-03-13', 61, 0, 430, 0, 0, 0, 0, 310, 0, 2, 0, 0, 0, 0, 0, 0, 0, 0, 0, 19770, '2023-03-17 05:56:48', 2, 1),
(631, 39, '2023-03-13', 61, 0, 430, 0, 0, 0, 0, 1000, 0, 4, 0, 0, 0, 0, 0, 0, 0, 0, 0, 62720, '2023-03-17 05:57:19', 2, 1),
(632, 17, '2023-03-13', 62, 0, 430, 50, 0, 0, 0, 150, 0, 4, 8, 0, 0, 0, 0, 0, 0, 0, 0, 11420, '2023-03-17 05:57:58', 2, 1),
(633, 16, '2023-03-14', 61, 0, 430, 50, 0, 0, 0, 1388, 0, 11, 24, 0, 0, 0, 0, 0, 0, 0, 0, 90598, '2023-03-17 06:35:23', 2, 1),
(634, 15, '2023-03-14', 61, 0, 430, 50, 0, 0, 0, 500, 0, 7, 8, 0, 0, 0, 0, 0, 0, 0, 0, 33910, '2023-03-17 06:36:00', 2, 1),
(635, 39, '2023-03-14', 61, 0, 430, 50, 0, 0, 0, 500, 0, 8, 16, 0, 0, 0, 0, 0, 0, 0, 0, 34740, '2023-03-17 06:36:53', 2, 1),
(636, 19, '2023-03-14', 61, 0, 430, 50, 0, 0, 0, 620, 0, 4, 8, 0, 0, 0, 0, 0, 0, 0, 0, 39940, '2023-03-17 06:37:25', 2, 1),
(637, 46, '2023-03-14', 61, 0, 430, 50, 0, 0, 0, 615, 0, 4, 8, 0, 0, 0, 0, 0, 0, 0, 0, 39635, '2023-03-17 06:38:02', 2, 1),
(638, 14, '2023-03-14', 61, 0, 430, 0, 0, 0, 0, 100, 0, 5, 0, 0, 0, 0, 0, 0, 0, 0, 0, 8250, '2023-03-17 06:38:27', 2, 1),
(639, 40, '2023-03-14', 61, 0, 0, 0, 0, 0, 0, 255, 0, 0, 0, 0, 0, 0, 0, 0, 0, 0, 0, 15555, '2023-03-17 06:38:51', 2, 1),
(640, 17, '2023-03-14', 0, 0, 430, 50, 0, 0, 0, 0, 0, 2, 8, 0, 0, 0, 0, 0, 0, 0, 0, 1260, '2023-03-17 06:39:44', 2, 1),
(641, 16, '2023-03-15', 63, 0, 0, 0, 0, 0, 0, 1120, 0, 0, 0, 0, 0, 0, 0, 0, 0, 0, 0, 70560, '2023-03-17 06:41:35', 2, 1),
(642, 16, '2023-03-15', 61, 0, 430, 50, 0, 0, 0, 1794, 0, 20, 28, 0, 0, 0, 1400, 2, 0, 0, 0, 122234, '2023-03-17 06:42:32', 2, 1),
(643, 14, '2023-03-15', 61, 0, 430, 50, 0, 0, 0, 1024, 0, 6, 8, 0, 0, 0, 0, 0, 0, 0, 0, 65444, '2023-03-17 06:43:05', 2, 1),
(644, 17, '2023-03-15', 0, 0, 430, 50, 0, 0, 0, 0, 0, 5, 8, 0, 0, 0, 0, 0, 0, 0, 0, 2550, '2023-03-17 06:43:29', 2, 1),
(645, 19, '2023-03-15', 61, 0, 430, 50, 0, 0, 0, 310, 0, 14, 16, 0, 0, 0, 0, 0, 0, 0, 0, 25730, '2023-03-17 06:44:10', 2, 1),
(646, 15, '2023-03-15', 61, 0, 430, 50, 0, 0, 0, 500, 0, 8, 8, 0, 0, 0, 0, 0, 0, 0, 0, 34340, '2023-03-17 06:44:56', 2, 1),
(647, 21, '2023-03-15', 61, 0, 430, 0, 0, 0, 0, 200, 0, 3, 0, 0, 0, 0, 0, 0, 0, 0, 0, 13490, '2023-03-17 06:45:18', 2, 1),
(648, 40, '2023-03-15', 61, 0, 0, 0, 0, 0, 0, 294, 0, 0, 0, 0, 0, 0, 0, 0, 0, 0, 0, 17934, '2023-03-17 06:45:41', 2, 1),
(649, 46, '2023-03-15', 61, 0, 430, 0, 0, 0, 0, 484, 0, 2, 0, 0, 0, 0, 0, 0, 0, 0, 0, 30384, '2023-03-17 06:46:08', 2, 1),
(650, 39, '2023-03-15', 61, 0, 430, 50, 0, 0, 0, 1680, 0, 5, 5, 0, 0, 0, 0, 0, 0, 0, 0, 104880, '2023-03-17 06:47:01', 2, 1),
(651, 16, '2023-03-16', 61, 0, 430, 50, 0, 0, 0, 1358, 0, 2, 5, 0, 0, 0, 0, 0, 0, 0, 0, 83948, '2023-03-17 06:49:06', 2, 1),
(652, 17, '2023-03-16', 0, 0, 430, 50, 0, 0, 0, 0, 0, 6, 8, 0, 0, 0, 0, 0, 0, 0, 0, 2980, '2023-03-17 06:49:57', 2, 1),
(653, 15, '2023-03-16', 61, 0, 430, 50, 0, 0, 0, 26, 0, 6, 8, 0, 0, 0, 0, 0, 0, 0, 0, 4566, '2023-03-17 06:50:22', 2, 1),
(654, 41, '2023-03-16', 61, 0, 430, 50, 0, 0, 0, 20, 0, 2, 8, 0, 0, 0, 0, 0, 0, 0, 0, 2480, '2023-03-17 06:50:52', 2, 1),
(655, 19, '2023-03-16', 61, 0, 430, 50, 0, 0, 0, 1859, 0, 16, 80, 0, 0, 0, 0, 0, 0, 0, 0, 124279, '2023-03-17 06:51:54', 2, 1),
(656, 21, '2023-03-16', 61, 0, 430, 0, 0, 0, 0, 1452, 0, 10, 0, 0, 0, 0, 0, 0, 0, 0, 0, 92872, '2023-03-17 06:52:42', 2, 1),
(657, 40, '2023-03-16', 61, 0, 0, 0, 0, 0, 0, 224, 0, 0, 0, 0, 0, 0, 0, 0, 0, 0, 0, 13664, '2023-03-17 06:53:02', 2, 1),
(658, 16, '2023-03-17', 61, 0, 420, 50, 0, 0, 0, 1739, 0, 11, 24, 0, 0, 0, 1400, 1, 0, 0, 0, 113299, '2023-03-19 05:53:17', 2, 1),
(659, 17, '2023-03-17', 63, 0, 430, 50, 0, 0, 0, 40, 0, 6, 8, 0, 0, 0, 0, 0, 0, 0, 0, 5500, '2023-03-19 05:54:08', 2, 1),
(660, 41, '2023-03-17', 62, 0, 420, 50, 0, 0, 0, 106, 0, 2, 8, 0, 0, 0, 0, 0, 0, 0, 0, 7812, '2023-03-19 05:54:57', 2, 1),
(661, 19, '2023-03-17', 0, 0, 420, 0, 0, 0, 0, 0, 0, 12, 0, 0, 0, 0, 0, 0, 0, 0, 0, 5040, '2023-03-19 05:55:38', 2, 1),
(662, 40, '2023-03-17', 63, 0, 0, 0, 0, 0, 0, 185, 0, 0, 0, 0, 0, 0, 0, 0, 0, 0, 0, 11655, '2023-03-19 05:56:54', 2, 1),
(663, 46, '2023-03-17', 61, 0, 420, 50, 0, 0, 0, 815, 0, 5, 8, 0, 0, 0, 0, 0, 0, 0, 0, 52215, '2023-03-19 05:57:54', 2, 1),
(664, 21, '2023-03-17', 61, 0, 430, 0, 0, 0, 0, 600, 0, 5, 0, 0, 0, 0, 0, 0, 0, 0, 0, 38750, '2023-03-19 05:58:51', 2, 1),
(665, 15, '2023-03-17', 61, 0, 430, 50, 0, 0, 0, 234, 0, 2, 8, 0, 0, 0, 0, 0, 0, 0, 0, 15534, '2023-03-19 05:59:23', 2, 1),
(666, 39, '2023-03-17', 62, 0, 430, 50, 0, 0, 0, 1020, 0, 6, 13, 0, 0, 0, 0, 0, 0, 0, 0, 66470, '2023-03-19 06:02:33', 2, 1),
(667, 14, '2023-03-17', 61, 0, 430, 50, 0, 0, 0, 258, 0, 2, 8, 0, 0, 0, 0, 0, 0, 0, 0, 16998, '2023-03-19 06:03:05', 2, 1),
(668, 15, '2023-03-18', 61, 0, 430, 50, 0, 0, 0, 570, 0, 8, 8, 0, 0, 0, 0, 0, 0, 0, 0, 38610, '2023-03-19 06:03:50', 2, 1),
(669, 16, '2023-03-18', 61, 0, 420, 50, 0, 0, 0, 2858, 0, 18, 28, 0, 0, 0, 1400, 1, 0, 0, 0, 184698, '2023-03-19 06:05:19', 2, 1),
(670, 17, '2023-03-18', 62, 0, 430, 50, 0, 0, 0, 277, 0, 11, 16, 0, 0, 0, 0, 0, 0, 0, 0, 22704, '2023-03-19 06:06:00', 2, 1),
(671, 17, '2023-03-18', 56, 0, 0, 0, 0, 0, 0, 410, 0, 0, 0, 0, 0, 0, 0, 0, 0, 0, 0, 22960, '2023-03-19 06:06:21', 2, 1),
(672, 39, '0000-00-00', 62, 0, 430, 50, 0, 0, 0, 530, 0, 7, 29, 0, 0, 0, 0, 0, 0, 0, 0, 37320, '2023-03-19 06:07:26', 2, 1),
(673, 19, '2023-03-18', 61, 0, 420, 0, 0, 0, 0, 806, 0, 15, 0, 0, 0, 0, 0, 0, 0, 0, 0, 55466, '2023-03-19 06:08:04', 2, 1),
(674, 46, '2023-03-18', 61, 0, 420, 50, 0, 0, 0, 615, 0, 2, 8, 0, 0, 0, 0, 0, 0, 0, 0, 38755, '2023-03-19 06:09:03', 2, 1),
(675, 40, '2023-03-18', 63, 0, 430, 0, 0, 0, 0, 253, 0, 1, 0, 0, 0, 0, 0, 0, 0, 0, 0, 16369, '2023-03-19 06:09:53', 2, 1),
(676, 21, '2023-03-18', 61, 0, 420, 0, 0, 0, 0, 520, 0, 2, 0, 0, 0, 0, 0, 0, 0, 0, 0, 32560, '2023-03-19 06:10:24', 2, 1),
(677, 14, '2023-03-18', 0, 0, 430, 0, 0, 0, 0, 0, 0, 2, 0, 0, 0, 0, 0, 0, 0, 0, 0, 860, '2023-03-19 06:11:57', 2, 1),
(678, 16, '2023-03-19', 61, 0, 420, 50, 0, 0, 0, 2871, 0, 11, 29, 0, 0, 0, 0, 0, 0, 0, 0, 181201, '2023-03-19 06:31:41', 2, 1),
(679, 39, '2023-03-19', 61, 0, 420, 50, 0, 0, 0, 980, 0, 5, 5, 0, 0, 0, 0, 0, 0, 0, 0, 62130, '2023-03-19 06:32:50', 2, 1),
(680, 19, '2023-03-19', 61, 0, 420, 50, 0, 0, 0, 1321, 0, 10, 24, 0, 0, 0, 0, 0, 0, 0, 0, 85981, '2023-03-19 06:33:53', 2, 1),
(681, 17, '2023-03-19', 56, 0, 430, 50, 0, 0, 0, 670, 0, 5, 16, 0, 0, 0, 0, 0, 0, 0, 0, 40470, '2023-03-19 06:34:25', 2, 1),
(682, 46, '2023-03-19', 63, 0, 420, 50, 0, 0, 0, 415, 0, 3, 8, 0, 0, 0, 0, 0, 0, 0, 0, 27805, '2023-03-19 06:43:27', 2, 1),
(683, 14, '2023-03-19', 61, 0, 430, 50, 0, 0, 0, 520, 0, 3, 8, 0, 0, 0, 0, 0, 0, 0, 0, 33410, '2023-03-19 06:44:41', 2, 1),
(684, 21, '2023-03-19', 61, 0, 420, 50, 0, 0, 0, 600, 0, 2, 8, 0, 0, 0, 0, 0, 0, 0, 0, 37840, '2023-03-19 06:45:10', 2, 1),
(685, 40, '2023-03-19', 63, 0, 0, 0, 0, 0, 0, 253, 0, 0, 0, 0, 0, 0, 0, 0, 0, 0, 0, 15939, '2023-03-19 06:45:41', 2, 1),
(686, 15, '2023-03-19', 61, 0, 430, 50, 0, 0, 0, 515, 0, 7, 16, 0, 0, 0, 0, 0, 0, 0, 0, 35225, '2023-03-19 06:46:18', 2, 1),
(687, 21, '2023-03-14', 61, 0, 420, 0, 0, 0, 0, 624, 0, 4, 0, 0, 0, 0, 0, 0, 0, 0, 0, 39744, '2023-03-19 08:36:54', 2, 1),
(688, 16, '2023-03-20', 64, 0, 420, 50, 0, 0, 0, 2988, 0, 17, 30, 0, 0, 0, 1400, 1, 0, 0, 0, 201272, '2023-03-25 09:20:44', 2, 1),
(689, 15, '2023-03-20', 65, 0, 430, 50, 0, 0, 0, 531, 0, 10, 16, 0, 0, 0, 0, 0, 0, 0, 0, 39615, '2023-03-25 09:22:57', 2, 1),
(690, 39, '2023-03-20', 65, 0, 430, 50, 0, 0, 0, 510, 0, 4, 5, 0, 0, 0, 0, 0, 0, 0, 0, 35120, '2023-03-25 09:25:43', 2, 1),
(691, 17, '2023-03-20', 56, 0, 0, 0, 0, 0, 0, 924, 0, 0, 0, 0, 0, 0, 0, 0, 0, 0, 0, 51744, '2023-03-25 09:32:28', 2, 1),
(692, 17, '2023-03-20', 65, 0, 430, 50, 0, 0, 0, 987, 0, 4, 16, 0, 0, 0, 0, 0, 0, 0, 0, 66675, '2023-03-25 09:34:21', 2, 1),
(693, 46, '2023-03-20', 64, 0, 430, 0, 0, 0, 0, 415, 0, 3, 0, 0, 0, 0, 0, 0, 0, 0, 0, 27850, '2023-03-25 09:35:06', 2, 1),
(694, 21, '2023-03-20', 64, 0, 430, 50, 0, 0, 0, 1760, 0, 6, 16, 0, 0, 0, 0, 0, 0, 0, 0, 116020, '2023-03-25 09:36:31', 2, 1),
(695, 14, '2023-03-20', 0, 0, 420, 0, 0, 0, 0, 0, 0, 4, 0, 0, 0, 0, 0, 0, 0, 0, 0, 1680, '2023-03-25 09:36:55', 2, 1),
(696, 40, '2023-03-20', 64, 0, 0, 0, 0, 0, 0, 230, 0, 0, 0, 0, 0, 0, 0, 0, 0, 0, 0, 14720, '2023-03-25 09:38:21', 2, 1),
(697, 17, '2023-03-21', 0, 0, 430, 50, 0, 0, 0, 0, 0, 5, 8, 0, 0, 0, 0, 0, 0, 0, 0, 2550, '2023-03-25 09:39:15', 2, 1),
(698, 39, '2023-03-21', 65, 0, 430, 50, 0, 0, 0, 1010, 0, 6, 5, 0, 0, 0, 0, 0, 0, 0, 0, 68480, '2023-03-25 09:43:33', 2, 1),
(699, 16, '2023-03-21', 64, 0, 430, 50, 0, 0, 0, 2292, 0, 13, 32, 0, 0, 0, 1400, 1, 0, 0, 0, 155278, '2023-03-25 09:45:17', 2, 1),
(700, 46, '2023-03-21', 64, 0, 430, 50, 0, 0, 0, 415, 0, 3, 8, 0, 0, 0, 0, 0, 0, 0, 0, 28250, '2023-03-25 09:46:11', 2, 1),
(701, 19, '2023-03-21', 64, 0, 430, 0, 0, 0, 0, 403, 0, 4, 0, 0, 0, 0, 0, 0, 0, 0, 0, 27512, '2023-03-25 09:46:37', 2, 1),
(702, 15, '2023-03-21', 64, 0, 430, 50, 0, 0, 0, 750, 0, 2, 8, 0, 0, 0, 0, 0, 0, 0, 0, 49260, '2023-03-25 09:47:14', 2, 1),
(703, 41, '2023-03-21', 65, 0, 0, 0, 0, 0, 0, 255, 0, 0, 0, 0, 0, 0, 0, 0, 0, 0, 0, 16575, '2023-03-25 09:47:46', 2, 1),
(704, 21, '2023-03-21', 64, 0, 0, 0, 0, 0, 0, 520, 0, 0, 0, 0, 0, 0, 0, 0, 0, 0, 0, 33280, '2023-03-25 09:48:06', 2, 1),
(705, 15, '2023-03-22', 64, 0, 430, 50, 0, 0, 0, 250, 0, 3, 16, 0, 0, 0, 0, 0, 0, 0, 0, 18090, '2023-03-25 09:48:50', 2, 1),
(706, 46, '2023-03-22', 64, 0, 0, 0, 0, 0, 0, 315, 0, 0, 0, 0, 0, 0, 0, 0, 0, 0, 0, 20160, '2023-03-25 09:49:36', 2, 1),
(707, 39, '2023-03-22', 65, 0, 430, 50, 0, 0, 0, 1310, 0, 10, 8, 0, 0, 0, 0, 0, 0, 0, 0, 89850, '2023-03-25 09:51:15', 2, 1),
(708, 16, '2023-03-22', 64, 0, 430, 50, 0, 0, 0, 1734, 0, 9, 18, 0, 0, 0, 1400, 1, 0, 0, 0, 117146, '2023-03-25 09:52:26', 2, 1),
(709, 21, '2023-03-22', 64, 0, 430, 0, 0, 0, 0, 1240, 0, 2, 0, 0, 0, 0, 0, 0, 0, 0, 0, 80220, '2023-03-25 09:52:58', 2, 1),
(710, 40, '2023-03-22', 64, 0, 0, 0, 0, 0, 0, 230, 0, 0, 0, 0, 0, 0, 0, 0, 0, 0, 0, 14720, '2023-03-25 09:53:18', 2, 1),
(711, 17, '2023-03-22', 65, 0, 430, 50, 0, 0, 0, 296, 0, 6, 16, 0, 0, 0, 0, 0, 0, 0, 0, 22620, '2023-03-25 09:53:56', 2, 1),
(712, 41, '2023-03-22', 0, 0, 430, 0, 0, 0, 0, 0, 0, 1, 0, 0, 0, 0, 0, 0, 0, 0, 0, 430, '2023-03-25 09:54:16', 2, 1),
(713, 14, '2023-03-22', 0, 0, 430, 0, 0, 0, 0, 0, 0, 2, 0, 0, 0, 0, 0, 0, 0, 0, 0, 860, '2023-03-25 09:54:36', 2, 1),
(714, 19, '2023-03-22', 64, 0, 0, 0, 0, 0, 0, 410, 0, 0, 0, 0, 0, 0, 0, 0, 0, 0, 0, 26240, '2023-03-25 09:55:13', 2, 1),
(715, 16, '2023-03-23', 64, 0, 430, 50, 0, 0, 0, 2321, 0, 8, 16, 0, 0, 0, 0, 0, 0, 0, 0, 152784, '2023-03-25 09:56:35', 2, 1),
(716, 39, '2023-03-23', 65, 0, 430, 50, 0, 0, 0, 1060, 0, 4, 8, 0, 0, 0, 0, 0, 0, 0, 0, 71020, '2023-03-25 09:58:16', 2, 1),
(717, 17, '2023-03-23', 0, 0, 430, 50, 0, 0, 0, 0, 0, 4, 8, 0, 0, 0, 1400, 1, 0, 0, 0, 3520, '2023-03-25 10:00:06', 2, 1),
(718, 21, '2023-03-23', 64, 0, 430, 50, 0, 0, 0, 1560, 0, 9, 16, 0, 0, 0, 0, 0, 0, 0, 0, 104510, '2023-03-25 10:00:45', 2, 1),
(719, 19, '2023-03-23', 0, 0, 0, 50, 0, 0, 0, 0, 0, 0, 16, 0, 0, 0, 0, 0, 0, 0, 0, 800, '2023-03-25 10:01:09', 2, 1),
(720, 15, '2023-03-23', 0, 0, 430, 0, 0, 0, 0, 0, 0, 2, 0, 0, 0, 0, 0, 0, 0, 0, 0, 860, '2023-03-25 10:01:58', 2, 1),
(721, 25, '2023-03-23', 65, 0, 0, 50, 0, 0, 0, 245, 0, 0, 16, 0, 0, 0, 0, 0, 0, 0, 0, 16725, '2023-03-25 10:02:25', 2, 1),
(722, 14, '2023-03-23', 64, 0, 430, 0, 0, 0, 0, 530, 0, 8, 0, 0, 0, 0, 0, 0, 0, 0, 0, 37360, '2023-03-25 10:02:57', 2, 1),
(723, 40, '2023-03-23', 64, 0, 0, 0, 0, 0, 0, 230, 0, 0, 0, 0, 0, 0, 0, 0, 0, 0, 0, 14720, '2023-03-25 10:03:14', 2, 1),
(724, 14, '2023-03-24', 64, 0, 430, 50, 0, 0, 0, 240, 0, 7, 16, 0, 0, 0, 0, 0, 0, 0, 0, 19170, '2023-03-25 10:04:08', 2, 1),
(725, 15, '2023-03-24', 64, 0, 430, 50, 0, 0, 0, 500, 0, 7, 11, 0, 0, 0, 0, 0, 0, 0, 0, 35560, '2023-03-25 10:04:40', 2, 1),
(726, 16, '2023-03-24', 64, 0, 430, 50, 0, 0, 0, 2144, 0, 7, 21, 0, 0, 0, 1400, 1, 0, 0, 0, 142676, '2023-03-25 10:07:23', 2, 1),
(727, 39, '2023-03-24', 65, 0, 430, 50, 0, 0, 0, 1560, 0, 9, 16, 0, 0, 0, 0, 0, 0, 0, 0, 106070, '2023-03-25 10:08:46', 2, 1),
(728, 19, '2023-03-24', 64, 0, 0, 50, 0, 0, 0, 620, 0, 0, 72, 0, 0, 0, 0, 0, 0, 0, 0, 43280, '2023-03-25 10:09:18', 2, 1),
(729, 21, '2023-03-24', 64, 0, 430, 0, 0, 0, 0, 720, 0, 3, 0, 0, 0, 0, 0, 0, 0, 0, 0, 47370, '2023-03-25 10:14:29', 2, 1),
(730, 46, '2023-03-24', 64, 0, 430, 50, 0, 0, 0, 610, 0, 4, 8, 0, 0, 0, 0, 0, 0, 0, 0, 41160, '2023-03-25 10:15:18', 2, 1),
(731, 40, '2023-03-24', 64, 0, 0, 0, 0, 0, 0, 230, 0, 0, 0, 0, 0, 0, 0, 0, 0, 0, 0, 14720, '2023-03-25 10:15:39', 2, 1),
(732, 17, '2023-03-24', 0, 0, 430, 50, 0, 0, 0, 0, 0, 3, 8, 0, 0, 0, 1400, 1, 0, 0, 0, 3090, '2023-03-25 10:16:15', 2, 1),
(733, 16, '2023-03-25', 65, 0, 430, 50, 0, 0, 0, 2795, 0, 12, 27, 0, 0, 0, 1400, 1, 0, 0, 0, 189585, '2023-03-26 04:29:33', 2, 1),
(734, 17, '2023-03-25', 0, 0, 430, 50, 0, 0, 0, 0, 0, 7, 16, 0, 0, 0, 0, 0, 0, 0, 0, 3810, '2023-03-26 04:30:20', 2, 1),
(735, 39, '2023-03-25', 65, 0, 430, 50, 0, 0, 0, 1560, 0, 9, 8, 0, 0, 0, 0, 0, 0, 0, 0, 105670, '2023-03-26 04:31:11', 2, 1),
(736, 15, '2023-03-25', 65, 0, 430, 50, 0, 0, 0, 730, 0, 7, 16, 0, 0, 0, 0, 0, 0, 0, 0, 51260, '2023-03-26 04:31:48', 2, 1),
(737, 40, '2023-03-25', 65, 0, 430, 50, 0, 0, 0, 275, 0, 1, 3, 0, 0, 0, 0, 0, 0, 0, 0, 18455, '2023-03-26 04:32:28', 2, 1),
(738, 14, '2023-03-25', 65, 0, 430, 0, 0, 0, 0, 40, 0, 4, 0, 0, 0, 0, 0, 0, 0, 0, 0, 4320, '2023-03-26 04:33:01', 2, 1),
(739, 21, '2023-03-25', 65, 0, 430, 50, 0, 0, 0, 1040, 0, 3, 8, 0, 0, 0, 0, 0, 0, 0, 0, 69290, '2023-03-26 04:33:28', 2, 1),
(740, 46, '2023-03-25', 65, 0, 0, 0, 0, 0, 0, 150, 0, 0, 0, 0, 0, 0, 0, 0, 0, 0, 0, 9750, '2023-03-26 04:33:45', 2, 1),
(741, 19, '2023-03-25', 65, 0, 0, 0, 0, 0, 0, 403, 0, 0, 0, 0, 0, 0, 0, 0, 0, 0, 0, 26195, '2023-03-26 04:34:03', 2, 1),
(742, 39, '2023-03-26', 65, 0, 430, 50, 0, 0, 0, 1056, 0, 7, 16, 0, 0, 0, 0, 0, 0, 0, 0, 72450, '2023-03-26 04:41:27', 2, 1),
(743, 21, '2023-03-26', 65, 0, 430, 50, 0, 0, 0, 1760, 0, 8, 8, 0, 0, 0, 0, 0, 0, 0, 0, 118240, '2023-03-26 04:43:08', 2, 1),
(744, 16, '2023-03-26', 65, 0, 430, 50, 0, 0, 0, 2752, 0, 12, 16, 0, 0, 0, 0, 0, 0, 0, 0, 184840, '2023-03-26 04:44:03', 2, 1),
(745, 17, '2023-03-26', 0, 0, 430, 50, 0, 0, 0, 0, 0, 6, 8, 0, 0, 0, 0, 0, 0, 0, 0, 2980, '2023-03-26 04:44:43', 2, 1),
(746, 46, '2023-03-26', 65, 0, 430, 0, 0, 0, 0, 375, 0, 2, 0, 0, 0, 0, 0, 0, 0, 0, 0, 25235, '2023-03-26 04:45:59', 2, 1),
(747, 40, '2023-03-26', 65, 0, 0, 0, 0, 0, 0, 253, 0, 0, 0, 0, 0, 0, 0, 0, 0, 0, 0, 16445, '2023-03-26 04:46:19', 2, 1),
(748, 15, '2023-03-26', 65, 0, 430, 50, 0, 0, 0, 161, 0, 6, 8, 0, 0, 0, 0, 0, 0, 0, 0, 13445, '2023-03-26 04:47:53', 2, 1),
(749, 14, '2023-03-26', 65, 0, 430, 50, 0, 0, 0, 654, 0, 8, 8, 0, 0, 0, 0, 0, 0, 0, 0, 46350, '2023-03-26 04:48:32', 2, 1),
(750, 19, '2023-03-26', 65, 0, 0, 0, 0, 0, 0, 620, 0, 0, 0, 0, 0, 0, 0, 0, 0, 0, 0, 40300, '2023-03-26 04:51:36', 2, 1),
(751, 21, '2023-03-27', 65, 0, 430, 50, 0, 0, 0, 550, 0, 3, 8, 0, 0, 0, 0, 0, 0, 0, 0, 37440, '2023-03-30 11:33:31', 2, 1),
(752, 16, '2023-03-27', 65, 0, 430, 50, 0, 0, 0, 2906, 0, 11, 26, 0, 0, 0, 0, 0, 0, 0, 0, 194920, '2023-03-30 11:35:15', 2, 1),
(753, 15, '2023-03-27', 65, 0, 430, 50, 0, 0, 0, 591, 0, 5, 8, 0, 0, 0, 0, 0, 0, 0, 0, 40965, '2023-03-30 11:35:55', 2, 1),
(754, 39, '2023-03-27', 65, 0, 430, 0, 0, 0, 0, 960, 0, 3, 0, 0, 0, 0, 0, 0, 0, 0, 0, 63690, '2023-03-30 11:37:53', 2, 1),
(755, 17, '2023-03-27', 57, 0, 430, 50, 0, 0, 0, 280, 0, 7, 16, 0, 0, 0, 0, 0, 0, 0, 0, 19770, '2023-03-30 11:38:17', 2, 1),
(756, 14, '2023-03-27', 57, 0, 430, 0, 0, 0, 0, 1470, 0, 4, 0, 0, 0, 0, 0, 0, 0, 0, 0, 85510, '2023-03-30 11:39:22', 2, 1),
(757, 40, '2023-03-27', 65, 0, 0, 0, 0, 0, 0, 173, 0, 0, 0, 0, 0, 0, 0, 0, 0, 0, 0, 11245, '2023-03-30 11:39:41', 2, 1),
(758, 16, '2023-03-28', 65, 0, 430, 50, 0, 0, 0, 2037, 0, 11, 16, 0, 0, 0, 1400, 1, 0, 0, 0, 139335, '2023-03-30 11:40:49', 2, 1),
(759, 40, '2023-03-28', 65, 0, 0, 0, 0, 0, 0, 344, 0, 0, 0, 0, 0, 0, 0, 0, 0, 0, 0, 22360, '2023-03-30 11:41:18', 2, 1),
(760, 15, '2023-03-28', 65, 0, 430, 50, 0, 0, 0, 367, 0, 8, 16, 0, 0, 0, 0, 0, 0, 0, 0, 28095, '2023-03-30 11:41:59', 2, 1),
(761, 17, '2023-03-28', 65, 0, 450, 50, 0, 0, 0, 210, 0, 5, 8, 0, 0, 0, 0, 0, 0, 0, 0, 16300, '2023-03-30 11:42:40', 2, 1),
(762, 39, '2023-03-28', 65, 0, 430, 50, 0, 0, 0, 1310, 0, 9, 16, 0, 0, 0, 0, 0, 0, 0, 0, 89820, '2023-03-30 11:43:29', 2, 1),
(763, 46, '2023-03-28', 65, 0, 430, 50, 0, 0, 0, 415, 0, 3, 8, 0, 0, 0, 0, 0, 0, 0, 0, 28665, '2023-03-30 11:43:59', 2, 1),
(764, 19, '2023-03-28', 65, 0, 0, 60, 0, 0, 0, 403, 0, 0, 72, 0, 0, 0, 0, 0, 0, 0, 0, 30515, '2023-03-30 11:44:59', 2, 1),
(765, 21, '2023-03-28', 65, 0, 430, 50, 0, 0, 0, 1040, 0, 2, 8, 0, 0, 0, 0, 0, 0, 0, 0, 68860, '2023-03-30 11:45:34', 2, 1),
(766, 14, '2023-03-28', 65, 0, 0, 0, 0, 0, 0, 35, 0, 0, 0, 0, 0, 0, 0, 0, 0, 0, 0, 2275, '2023-03-30 11:45:56', 2, 1),
(767, 16, '2023-03-29', 65, 0, 430, 50, 0, 0, 0, 2256, 0, 8, 16, 0, 0, 0, 0, 0, 0, 0, 0, 150880, '2023-03-30 11:47:09', 2, 1),
(768, 46, '2023-03-29', 65, 0, 430, 50, 0, 0, 0, 420, 0, 2, 8, 0, 0, 0, 0, 0, 0, 0, 0, 28560, '2023-03-30 11:47:46', 2, 1),
(769, 39, '2023-03-29', 65, 0, 430, 50, 0, 0, 0, 1310, 0, 15, 24, 0, 0, 0, 0, 0, 0, 0, 0, 92800, '2023-03-30 11:48:28', 2, 1),
(770, 17, '2023-03-29', 0, 0, 450, 50, 0, 0, 0, 0, 0, 4, 8, 0, 0, 0, 0, 0, 0, 0, 0, 2200, '2023-03-30 11:48:55', 2, 1),
(771, 15, '2023-03-29', 65, 0, 430, 50, 0, 0, 0, 236, 0, 5, 8, 0, 0, 0, 0, 0, 0, 0, 0, 17890, '2023-03-30 11:51:18', 2, 1),
(772, 14, '2023-03-29', 65, 0, 430, 50, 0, 0, 0, 512, 0, 8, 8, 0, 0, 0, 0, 0, 0, 0, 0, 37120, '2023-03-30 11:52:29', 2, 1),
(773, 21, '2023-03-29', 65, 0, 430, 0, 0, 0, 0, 1344, 0, 4, 0, 0, 0, 0, 0, 0, 0, 0, 0, 89080, '2023-03-30 11:52:59', 2, 1),
(774, 19, '2023-03-29', 65, 0, 0, 0, 0, 0, 0, 853, 0, 0, 0, 0, 0, 0, 0, 0, 0, 0, 0, 55445, '2023-03-30 11:53:27', 2, 1),
(775, 39, '2023-03-30', 65, 0, 430, 0, 0, 0, 0, 1060, 0, 2, 0, 0, 0, 0, 0, 0, 0, 0, 0, 69760, '2023-03-30 11:53:55', 2, 1),
(776, 16, '2023-03-30', 65, 0, 65, 0, 0, 0, 0, 278, 0, 2, 0, 0, 0, 0, 0, 0, 0, 0, 0, 18200, '2023-03-30 11:54:21', 2, 1),
(777, 17, '2023-03-30', 65, 0, 450, 50, 0, 0, 0, 271, 0, 7, 8, 0, 0, 0, 0, 0, 0, 0, 0, 21165, '2023-03-30 11:54:54', 2, 1),
(778, 21, '2023-03-30', 65, 0, 430, 50, 0, 0, 0, 1160, 0, 7, 24, 0, 0, 0, 0, 0, 0, 0, 0, 79610, '2023-03-30 11:55:38', 2, 1),
(779, 15, '2023-03-30', 0, 0, 430, 50, 0, 0, 0, 0, 0, 8, 16, 0, 0, 0, 0, 0, 0, 0, 0, 4240, '2023-03-30 11:56:04', 2, 1),
(780, 40, '2023-03-30', 65, 0, 430, 0, 0, 0, 0, 224, 0, 2, 0, 0, 0, 0, 0, 0, 0, 0, 0, 15420, '2023-03-30 11:56:34', 2, 1),
(781, 19, '2023-03-30', 65, 0, 0, 0, 0, 0, 0, 577, 0, 0, 0, 0, 0, 0, 0, 0, 0, 0, 0, 37505, '2023-03-30 11:57:10', 2, 1),
(782, 14, '2023-03-30', 65, 0, 65, 50, 0, 0, 0, 525, 0, 4, 8, 0, 0, 0, 0, 0, 0, 0, 0, 34785, '2023-03-30 11:57:40', 2, 1),
(783, 16, '2023-03-31', 65, 0, 430, 50, 0, 0, 0, 1112, 0, 5, 8, 0, 0, 0, 0, 0, 0, 0, 0, 74830, '2023-04-01 13:02:09', 2, 1),
(784, 39, '2023-03-31', 65, 0, 430, 50, 0, 0, 0, 810, 0, 4, 8, 0, 0, 0, 0, 0, 0, 0, 0, 54770, '2023-04-01 13:02:56', 2, 1),
(785, 17, '2023-03-31', 65, 0, 65, 50, 0, 0, 0, 282, 0, 7, 16, 0, 0, 0, 0, 0, 0, 0, 0, 19585, '2023-04-01 13:03:31', 2, 1),
(786, 14, '2023-03-31', 65, 0, 430, 50, 0, 0, 0, 450, 0, 8, 16, 0, 0, 0, 0, 0, 0, 0, 0, 33490, '2023-04-01 13:04:04', 2, 1),
(787, 46, '2023-03-31', 65, 0, 430, 50, 0, 0, 0, 215, 0, 2, 8, 0, 0, 0, 0, 0, 0, 0, 0, 15235, '2023-04-01 13:04:31', 2, 1),
(788, 21, '2023-03-31', 65, 0, 430, 0, 0, 0, 0, 938, 0, 2, 0, 0, 0, 0, 0, 0, 0, 0, 0, 61830, '2023-04-01 13:05:11', 2, 1),
(789, 15, '2023-03-31', 65, 0, 430, 50, 0, 0, 0, 250, 0, 5, 8, 0, 0, 0, 0, 0, 0, 0, 0, 18800, '2023-04-01 13:06:05', 2, 1),
(790, 40, '2023-03-31', 65, 0, 430, 0, 0, 0, 0, 275, 0, 2, 0, 0, 0, 0, 0, 0, 0, 0, 0, 18735, '2023-04-01 13:06:29', 2, 1),
(791, 19, '2023-03-31', 65, 0, 0, 0, 0, 0, 0, 503, 0, 0, 0, 0, 0, 0, 0, 0, 0, 0, 0, 32695, '2023-04-01 13:06:48', 2, 1),
(792, 25, '2023-03-31', 67, 0, 0, 0, 0, 0, 0, 924, 0, 0, 0, 0, 0, 0, 0, 0, 0, 0, 0, 61908, '2023-04-01 13:07:09', 2, 1),
(793, 17, '2023-04-01', 0, 0, 430, 50, 0, 0, 0, 0, 0, 6, 8, 0, 0, 0, 0, 0, 0, 0, 0, 2980, '2023-04-02 06:02:07', 2, 1),
(794, 39, '2023-04-01', 65, 0, 430, 50, 0, 0, 0, 1032, 0, 6, 16, 0, 0, 0, 0, 0, 0, 0, 0, 70460, '2023-04-02 06:02:52', 2, 1),
(795, 16, '2023-04-01', 65, 0, 430, 50, 0, 0, 0, 1559, 0, 5, 15, 0, 0, 0, 1400, 1, 0, 0, 0, 105635, '2023-04-02 06:04:03', 2, 1),
(796, 21, '2023-04-01', 65, 0, 430, 50, 0, 0, 0, 1760, 0, 4, 8, 0, 0, 0, 0, 0, 0, 0, 0, 116520, '2023-04-02 06:04:43', 2, 1),
(797, 15, '2023-04-01', 65, 0, 430, 50, 0, 0, 0, 543, 0, 4, 24, 0, 0, 0, 0, 0, 0, 0, 0, 38215, '2023-04-02 06:05:29', 2, 1),
(798, 41, '2023-04-01', 0, 0, 450, 50, 0, 0, 0, 0, 0, 2, 8, 0, 0, 0, 0, 0, 0, 0, 0, 1300, '2023-04-02 06:07:35', 2, 1),
(799, 14, '2023-04-01', 65, 0, 430, 0, 0, 0, 0, 453, 0, 2, 0, 0, 0, 0, 0, 0, 0, 0, 0, 30305, '2023-04-02 06:07:57', 2, 1),
(800, 19, '2023-04-01', 65, 0, 0, 0, 0, 0, 0, 603, 0, 0, 0, 0, 0, 0, 0, 0, 0, 0, 0, 39195, '2023-04-02 06:08:35', 2, 1),
(801, 40, '2023-04-01', 65, 0, 0, 0, 0, 0, 0, 253, 0, 0, 0, 0, 0, 0, 0, 0, 0, 0, 0, 16445, '2023-04-02 06:08:53', 2, 1),
(802, 39, '2023-04-02', 65, 0, 430, 0, 0, 0, 0, 1060, 0, 5, 0, 0, 0, 0, 0, 0, 0, 0, 0, 71050, '2023-04-02 06:09:27', 2, 1),
(803, 16, '2023-04-02', 65, 0, 430, 50, 0, 0, 0, 1981, 0, 13, 24, 0, 0, 0, 1400, 1, 0, 0, 0, 136955, '2023-04-02 06:11:20', 2, 1),
(804, 17, '2023-04-02', 57, 0, 450, 50, 0, 0, 0, 285, 0, 7, 8, 0, 0, 0, 1500, 2, 0, 0, 0, 22795, '2023-04-02 06:12:22', 2, 1),
(805, 46, '2023-04-02', 65, 0, 430, 0, 0, 0, 0, 321, 0, 3, 0, 0, 0, 0, 0, 0, 0, 0, 0, 22155, '2023-04-02 06:15:01', 2, 1),
(806, 21, '2023-04-02', 65, 0, 0, 0, 0, 0, 0, 520, 0, 0, 0, 0, 0, 0, 0, 0, 0, 0, 0, 33800, '2023-04-02 06:15:17', 2, 1),
(807, 40, '2023-04-02', 65, 0, 430, 0, 0, 0, 0, 230, 0, 1, 0, 0, 0, 0, 1500, 1, 0, 0, 0, 16880, '2023-04-02 06:15:46', 2, 1),
(808, 14, '2023-04-02', 65, 0, 430, 50, 0, 0, 0, 512, 0, 5, 8, 0, 0, 0, 0, 0, 0, 0, 0, 35830, '2023-04-02 06:16:17', 2, 1),
(809, 19, '2023-04-02', 65, 0, 0, 0, 0, 0, 0, 620, 0, 0, 0, 0, 0, 0, 0, 0, 0, 0, 0, 40300, '2023-04-02 06:16:40', 2, 1),
(810, 15, '2023-04-02', 65, 0, 430, 50, 0, 0, 0, 833, 0, 8, 16, 0, 0, 0, 0, 0, 0, 0, 0, 58385, '2023-04-02 06:17:54', 2, 1),
(811, 16, '2023-04-03', 65, 0, 430, 50, 0, 0, 0, 1704, 0, 6, 16, 0, 0, 0, 0, 0, 0, 0, 0, 114140, '2023-04-06 02:57:10', 2, 1),
(812, 15, '2023-04-03', 65, 0, 430, 50, 0, 0, 0, 540, 0, 9, 8, 0, 0, 0, 0, 0, 0, 0, 0, 39370, '2023-04-06 02:57:48', 2, 1),
(813, 17, '2023-04-03', 0, 0, 430, 50, 0, 0, 0, 0, 0, 5, 8, 0, 0, 0, 0, 0, 0, 0, 0, 2550, '2023-04-06 02:58:19', 2, 1),
(814, 39, '2023-04-03', 65, 0, 430, 50, 0, 0, 0, 530, 0, 1, 8, 0, 0, 0, 0, 0, 0, 0, 0, 35280, '2023-04-06 02:59:04', 2, 1),
(815, 14, '2023-04-03', 65, 0, 430, 0, 0, 0, 0, 1470, 0, 7, 0, 0, 0, 0, 0, 0, 0, 0, 0, 98560, '2023-04-06 03:00:24', 2, 1),
(816, 19, '2023-04-03', 65, 0, 430, 50, 0, 0, 0, 503, 0, 4, 96, 0, 0, 0, 0, 0, 0, 0, 0, 39215, '2023-04-06 03:01:01', 2, 1),
(817, 21, '2023-04-03', 65, 0, 430, 0, 0, 0, 0, 624, 0, 4, 0, 0, 0, 0, 0, 0, 0, 0, 0, 42280, '2023-04-06 03:01:38', 2, 1),
(818, 40, '2023-04-03', 65, 0, 430, 50, 0, 0, 0, 224, 0, 1, 8, 0, 0, 0, 0, 0, 0, 0, 0, 15390, '2023-04-06 03:02:09', 2, 1),
(819, 46, '2023-04-03', 65, 0, 430, 50, 0, 0, 0, 350, 0, 3, 8, 0, 0, 0, 0, 0, 0, 0, 0, 24440, '2023-04-06 03:02:36', 2, 1),
(820, 21, '2023-04-04', 65, 0, 430, 0, 0, 0, 0, 1144, 0, 7, 0, 0, 0, 0, 0, 0, 0, 0, 0, 77370, '2023-04-06 03:03:23', 2, 1),
(821, 39, '2023-04-04', 65, 0, 430, 50, 0, 0, 0, 1060, 0, 6, 8, 0, 0, 0, 0, 0, 0, 0, 0, 71880, '2023-04-06 03:06:30', 2, 1);
INSERT INTO `sales` (`id`, `customerid`, `date`, `caret_rate`, `box5kg_rate`, `paper_rate`, `tape_rate`, `tawim_rate`, `brbox_rate`, `planetbox_rate`, `caret_quantity`, `box5kg_quantity`, `paper_quantity`, `tape_quantity`, `tawim_quantity`, `brbox_quantity`, `planetbox_quantity`, `pinkrim_rate`, `pinkrim_quantity`, `whiterim_quantity`, `whiterim_rate`, `discount`, `total`, `lastupdate`, `lastupdateby`, `status`) VALUES
(822, 17, '2023-04-04', 57, 0, 430, 50, 0, 0, 0, 280, 0, 6, 16, 0, 0, 0, 0, 0, 0, 0, 0, 19340, '2023-04-06 03:06:59', 2, 1),
(823, 15, '2023-04-04', 0, 0, 430, 50, 0, 0, 0, 0, 0, 4, 8, 0, 0, 0, 0, 0, 0, 0, 0, 2120, '2023-04-06 03:07:39', 2, 1),
(824, 46, '2023-04-04', 65, 0, 430, 0, 0, 0, 0, 365, 0, 1, 0, 0, 0, 0, 0, 0, 0, 0, 0, 24155, '2023-04-06 03:08:08', 2, 1),
(825, 16, '2023-04-04', 65, 0, 430, 50, 0, 0, 0, 1069, 0, 5, 8, 0, 0, 0, 0, 0, 0, 0, 0, 72035, '2023-04-06 03:09:02', 2, 1),
(826, 19, '2023-04-04', 65, 0, 0, 0, 0, 0, 0, 713, 0, 0, 0, 0, 0, 0, 0, 0, 0, 0, 0, 46345, '2023-04-06 03:10:26', 2, 1),
(827, 14, '2023-04-04', 65, 0, 430, 0, 0, 0, 0, 300, 0, 4, 0, 0, 0, 0, 0, 0, 0, 0, 0, 21220, '2023-04-06 03:11:06', 2, 1),
(828, 40, '2023-04-04', 65, 0, 430, 0, 0, 0, 0, 305, 0, 2, 0, 0, 0, 0, 0, 0, 0, 0, 0, 20685, '2023-04-06 03:11:36', 2, 1),
(829, 16, '2023-04-05', 65, 0, 430, 50, 0, 0, 0, 2907, 0, 12, 28, 0, 0, 0, 1400, 2, 0, 0, 0, 198315, '2023-04-06 03:14:14', 2, 1),
(830, 39, '2023-04-05', 65, 0, 430, 50, 0, 0, 0, 1280, 0, 4, 16, 0, 0, 0, 0, 0, 0, 0, 0, 85720, '2023-04-06 03:15:06', 2, 1),
(831, 17, '2023-04-05', 0, 0, 450, 50, 0, 0, 0, 0, 0, 5, 8, 0, 0, 0, 0, 0, 0, 0, 0, 2650, '2023-04-06 03:15:54', 2, 1),
(832, 14, '2023-04-05', 65, 0, 430, 0, 0, 0, 0, 125, 0, 4, 0, 0, 0, 0, 0, 0, 0, 0, 0, 9845, '2023-04-06 03:16:35', 2, 1),
(833, 46, '2023-04-05', 65, 0, 430, 0, 0, 0, 0, 396, 0, 3, 0, 0, 0, 0, 0, 0, 0, 0, 0, 27030, '2023-04-06 03:17:47', 2, 1),
(834, 15, '2023-04-05', 65, 0, 430, 50, 0, 0, 0, 180, 0, 5, 8, 0, 0, 0, 0, 0, 0, 0, 0, 14250, '2023-04-06 03:18:18', 2, 1),
(835, 41, '2023-04-05', 57, 0, 430, 0, 0, 0, 0, 15, 0, 4, 0, 0, 0, 0, 0, 0, 0, 0, 0, 2575, '2023-04-06 03:19:15', 2, 1),
(836, 21, '2023-04-05', 65, 0, 430, 0, 0, 0, 0, 1898, 0, 10, 0, 0, 0, 0, 0, 0, 0, 0, 0, 127670, '2023-04-06 03:19:53', 2, 1),
(837, 40, '2023-04-05', 65, 0, 430, 0, 0, 0, 0, 260, 0, 2, 0, 0, 0, 0, 0, 0, 0, 0, 0, 17760, '2023-04-06 03:20:18', 2, 1),
(838, 19, '2023-04-05', 65, 0, 0, 0, 0, 0, 0, 553, 0, 0, 0, 0, 0, 0, 0, 0, 0, 0, 0, 35945, '2023-04-06 03:20:43', 2, 1),
(839, 16, '2023-04-06', 65, 0, 430, 50, 0, 0, 0, 1324, 0, 7, 12, 0, 0, 0, 1400, 2, 0, 0, 0, 92470, '2023-04-08 04:55:22', 2, 1),
(840, 21, '2023-04-06', 65, 0, 430, 0, 0, 0, 0, 1442, 0, 5, 0, 0, 0, 0, 0, 0, 0, 0, 0, 95880, '2023-04-08 04:56:23', 2, 1),
(841, 17, '2023-04-06', 0, 0, 450, 50, 0, 0, 0, 0, 0, 5, 8, 0, 0, 0, 0, 0, 0, 0, 0, 2650, '2023-04-08 04:57:01', 2, 1),
(842, 14, '2023-04-06', 65, 0, 430, 50, 0, 0, 0, 100, 0, 7, 12, 0, 0, 0, 0, 0, 0, 0, 0, 10110, '2023-04-08 04:57:34', 2, 1),
(843, 15, '2023-04-06', 65, 0, 430, 0, 0, 0, 0, 20, 0, 2, 0, 0, 0, 0, 0, 0, 0, 0, 0, 2160, '2023-04-08 04:58:12', 2, 1),
(844, 40, '2023-04-06', 65, 0, 430, 0, 0, 0, 0, 188, 0, 1, 0, 0, 0, 0, 0, 0, 0, 0, 0, 12650, '2023-04-08 04:58:36', 2, 1),
(845, 16, '2023-04-07', 65, 0, 430, 50, 0, 0, 0, 3019, 0, 12, 24, 0, 0, 0, 1400, 2, 0, 0, 0, 205395, '2023-04-08 04:59:43', 2, 1),
(846, 15, '2023-04-07', 65, 0, 430, 50, 0, 0, 0, 678, 0, 9, 16, 0, 0, 0, 0, 0, 0, 0, 0, 48740, '2023-04-08 05:01:23', 2, 1),
(847, 17, '2023-04-07', 65, 0, 450, 50, 0, 0, 0, 200, 0, 8, 16, 0, 0, 0, 0, 0, 0, 0, 0, 17400, '2023-04-08 05:01:59', 2, 1),
(848, 46, '2023-04-07', 65, 0, 430, 50, 0, 0, 0, 215, 0, 4, 12, 0, 0, 0, 0, 0, 0, 0, 0, 16295, '2023-04-08 05:02:45', 2, 1),
(849, 21, '2023-04-07', 65, 0, 430, 0, 0, 0, 0, 1240, 0, 4, 0, 0, 0, 0, 0, 0, 0, 0, 0, 82320, '2023-04-08 05:03:33', 2, 1),
(850, 14, '2023-04-07', 65, 0, 430, 0, 70, 0, 0, 125, 0, 9, 0, 3, 0, 0, 0, 0, 0, 0, 0, 12205, '2023-04-08 05:04:16', 2, 1),
(851, 39, '2023-04-07', 65, 0, 430, 0, 0, 0, 0, 530, 0, 3, 0, 0, 0, 0, 0, 0, 0, 0, 0, 35740, '2023-04-08 05:04:57', 2, 1),
(852, 40, '2023-04-07', 65, 0, 430, 50, 0, 0, 0, 230, 0, 2, 8, 0, 0, 0, 0, 0, 0, 0, 0, 16210, '2023-04-08 05:06:16', 2, 1),
(853, 19, '2023-04-07', 65, 0, 0, 0, 0, 0, 0, 713, 0, 0, 0, 0, 0, 0, 0, 0, 0, 0, 0, 46345, '2023-04-08 05:06:36', 2, 1),
(854, 17, '2023-04-08', 67, 0, 450, 50, 0, 0, 0, 150, 0, 11, 8, 0, 0, 0, 0, 0, 0, 0, 0, 15400, '2023-04-09 04:59:13', 2, 1),
(855, 46, '2023-04-08', 0, 0, 430, 50, 0, 0, 0, 0, 0, 3, 8, 0, 0, 0, 0, 0, 0, 0, 0, 1690, '2023-04-09 04:59:50', 2, 1),
(856, 16, '2023-04-08', 65, 0, 430, 50, 0, 0, 0, 2100, 0, 7, 8, 0, 0, 0, 0, 0, 0, 0, 0, 139910, '2023-04-09 05:00:47', 2, 1),
(857, 14, '2023-04-08', 0, 0, 430, 0, 70, 0, 0, 0, 0, 2, 0, 4, 0, 0, 0, 0, 0, 0, 0, 1140, '2023-04-09 05:01:19', 2, 1),
(858, 39, '2023-04-08', 65, 0, 430, 0, 0, 0, 0, 1430, 0, 5, 0, 0, 0, 0, 0, 0, 0, 0, 0, 95100, '2023-04-09 05:02:12', 2, 1),
(859, 40, '2023-04-08', 65, 0, 130, 0, 0, 0, 0, 224, 0, 2, 0, 0, 0, 0, 0, 0, 0, 0, 0, 14820, '2023-04-09 05:02:49', 2, 1),
(860, 21, '2023-04-08', 65, 0, 0, 0, 0, 0, 0, 1040, 0, 0, 0, 0, 0, 0, 0, 0, 0, 0, 0, 67600, '2023-04-09 05:04:09', 2, 1),
(861, 21, '2023-04-08', 65, 0, 0, 0, 0, 0, 0, 1040, 0, 0, 0, 0, 0, 0, 0, 0, 0, 0, 0, 67600, '2023-04-09 05:50:57', 2, 0),
(862, 15, '2023-04-08', 65, 0, 430, 50, 0, 0, 0, 610, 0, 8, 8, 0, 0, 0, 0, 0, 0, 0, 0, 43490, '2023-04-09 05:07:34', 2, 1),
(863, 19, '2023-04-08', 65, 0, 430, 0, 0, 0, 0, 250, 0, 5, 0, 0, 0, 0, 0, 0, 0, 0, 0, 18400, '2023-04-09 05:08:04', 2, 1),
(864, 16, '2023-04-09', 65, 0, 430, 50, 0, 0, 0, 1750, 0, 9, 16, 0, 0, 0, 0, 0, 0, 0, 0, 118420, '2023-04-09 05:11:18', 2, 1),
(865, 17, '2023-04-09', 0, 0, 450, 50, 0, 0, 0, 0, 0, 6, 16, 0, 0, 0, 0, 0, 0, 0, 0, 3500, '2023-04-09 05:11:45', 2, 1),
(866, 39, '2023-04-09', 65, 0, 430, 50, 0, 0, 0, 930, 0, 7, 24, 0, 0, 0, 0, 0, 0, 0, 0, 64660, '2023-04-09 05:12:54', 2, 1),
(867, 21, '2023-04-09', 65, 0, 430, 0, 0, 0, 0, 1240, 0, 5, 0, 0, 0, 0, 0, 0, 0, 0, 0, 82750, '2023-04-09 05:13:34', 2, 1),
(868, 19, '2023-04-09', 65, 0, 430, 50, 0, 0, 0, 308, 0, 6, 8, 0, 0, 0, 0, 0, 0, 0, 0, 23000, '2023-04-09 05:14:28', 2, 1),
(869, 46, '2023-04-09', 0, 0, 430, 0, 0, 0, 0, 0, 0, 2, 0, 0, 0, 0, 0, 0, 0, 0, 0, 860, '2023-04-09 05:14:44', 2, 1),
(870, 23, '2023-04-09', 0, 0, 450, 0, 0, 0, 0, 0, 0, 6, 0, 0, 0, 0, 1500, 1, 0, 0, 0, 4200, '2023-04-09 05:15:13', 2, 1),
(871, 40, '2023-04-09', 65, 0, 430, 50, 0, 0, 0, 230, 0, 1, 8, 0, 0, 0, 1400, 1, 0, 0, 0, 17180, '2023-04-09 05:15:45', 2, 1),
(872, 14, '2023-04-09', 65, 0, 430, 50, 0, 0, 0, 620, 0, 8, 8, 0, 0, 0, 0, 0, 0, 0, 0, 44140, '2023-04-09 05:16:22', 2, 1),
(873, 46, '2023-04-10', 67, 0, 430, 50, 0, 0, 0, 225, 0, 3, 8, 0, 0, 0, 0, 0, 0, 0, 0, 16765, '2023-04-14 10:17:17', 2, 1),
(874, 40, '2023-04-10', 68, 0, 0, 0, 0, 0, 0, 402, 0, 0, 0, 0, 0, 0, 0, 0, 0, 0, 0, 27336, '2023-04-14 10:17:38', 2, 1),
(875, 16, '2023-04-10', 68, 0, 430, 50, 0, 0, 0, 2690, 0, 12, 27, 0, 0, 0, 1400, 1, 0, 0, 0, 190830, '2023-04-14 10:19:10', 2, 1),
(876, 17, '2023-04-10', 70, 0, 430, 50, 0, 0, 0, 290, 0, 6, 8, 0, 0, 0, 1500, 1, 0, 0, 0, 24780, '2023-04-14 10:19:44', 2, 1),
(877, 14, '2023-04-10', 68, 0, 430, 50, 0, 0, 0, 565, 0, 6, 16, 0, 0, 0, 0, 0, 0, 0, 0, 41800, '2023-04-14 10:20:25', 2, 1),
(878, 15, '2023-04-10', 0, 0, 430, 50, 0, 0, 0, 0, 0, 7, 8, 0, 0, 0, 0, 0, 0, 0, 0, 3410, '2023-04-14 10:20:49', 2, 1),
(879, 39, '2023-04-10', 68, 0, 430, 50, 0, 0, 0, 1030, 0, 4, 8, 0, 0, 0, 0, 0, 0, 0, 0, 72160, '2023-04-14 10:21:26', 2, 1),
(880, 19, '2023-04-10', 68, 0, 430, 50, 0, 0, 0, 250, 0, 12, 96, 0, 0, 0, 0, 0, 0, 0, 0, 26960, '2023-04-14 10:22:07', 2, 1),
(881, 21, '2023-04-10', 65, 0, 430, 0, 0, 0, 0, 1760, 0, 8, 0, 0, 0, 0, 0, 0, 0, 0, 0, 117840, '2023-04-14 10:22:45', 2, 1),
(882, 40, '2023-04-11', 68, 0, 430, 0, 0, 0, 0, 230, 0, 1, 0, 0, 0, 0, 0, 0, 0, 0, 0, 16070, '2023-04-14 10:23:29', 2, 1),
(883, 16, '2023-04-11', 68, 0, 430, 50, 0, 0, 0, 1789, 0, 7, 8, 0, 0, 0, 0, 0, 0, 0, 0, 125062, '2023-04-14 10:24:29', 2, 1),
(884, 15, '2023-04-11', 65, 0, 430, 0, 0, 0, 0, 516, 0, 5, 0, 0, 0, 0, 0, 0, 0, 0, 0, 35690, '2023-04-14 10:27:25', 2, 1),
(885, 17, '2023-04-11', 0, 0, 450, 50, 0, 0, 0, 0, 0, 5, 8, 0, 0, 0, 0, 0, 0, 0, 0, 2650, '2023-04-14 10:27:49', 2, 1),
(886, 46, '2023-04-11', 0, 0, 430, 50, 0, 0, 0, 0, 0, 3, 8, 0, 0, 0, 0, 0, 0, 0, 0, 1690, '2023-04-14 10:28:49', 2, 1),
(887, 19, '2023-04-11', 68, 0, 430, 0, 0, 0, 0, 665, 0, 12, 0, 0, 0, 0, 1400, 2, 0, 0, 0, 53180, '2023-04-14 10:29:35', 2, 1),
(888, 39, '2023-04-11', 68, 0, 430, 0, 0, 0, 0, 950, 0, 2, 0, 0, 0, 0, 0, 0, 0, 0, 0, 65460, '2023-04-14 10:30:15', 2, 1),
(889, 21, '2023-04-11', 65, 0, 430, 0, 0, 0, 0, 1011, 0, 5, 0, 0, 0, 0, 0, 0, 0, 0, 0, 67865, '2023-04-14 10:30:58', 2, 1),
(890, 41, '2023-04-12', 0, 0, 450, 50, 0, 0, 0, 0, 0, 2, 8, 0, 0, 0, 0, 0, 0, 0, 0, 1300, '2023-04-14 10:33:19', 2, 1),
(891, 14, '2023-04-12', 0, 0, 430, 50, 0, 0, 0, 0, 0, 7, 16, 0, 0, 0, 0, 0, 0, 0, 0, 3810, '2023-04-14 10:33:42', 2, 1),
(892, 39, '2023-04-12', 68, 0, 450, 50, 0, 0, 0, 1704, 0, 11, 16, 0, 0, 0, 0, 0, 0, 0, 0, 121622, '2023-04-14 10:34:45', 2, 1),
(893, 40, '2023-04-12', 68, 0, 0, 0, 0, 0, 0, 450, 0, 0, 0, 0, 0, 0, 0, 0, 0, 0, 0, 30600, '2023-04-14 10:35:12', 2, 1),
(894, 15, '2023-04-12', 65, 0, 430, 50, 0, 0, 0, 555, 0, 5, 8, 0, 0, 0, 0, 0, 0, 0, 0, 38625, '2023-04-14 10:35:48', 2, 1),
(895, 19, '2023-04-12', 68, 0, 430, 0, 0, 0, 0, 673, 0, 13, 0, 0, 0, 0, 0, 0, 0, 0, 0, 51354, '2023-04-14 10:36:14', 2, 1),
(896, 17, '2023-04-12', 0, 0, 450, 50, 0, 0, 0, 0, 0, 4, 8, 0, 0, 0, 0, 0, 0, 0, 0, 2200, '2023-04-14 10:36:37', 2, 1),
(897, 21, '2023-04-12', 67, 0, 430, 0, 0, 0, 0, 2906, 0, 6, 0, 0, 0, 0, 1400, 2, 0, 0, 0, 200082, '2023-04-14 10:37:20', 2, 1),
(898, 16, '2023-04-12', 68, 0, 430, 50, 0, 0, 0, 1932, 0, 8, 16, 0, 0, 0, 0, 0, 0, 0, 0, 135616, '2023-04-14 10:38:03', 2, 1),
(899, 46, '2023-04-12', 68, 0, 430, 50, 0, 0, 0, 475, 0, 4, 10, 0, 0, 0, 1400, 1, 0, 0, 0, 35920, '2023-04-14 10:38:46', 2, 1),
(900, 39, '2023-04-13', 68, 0, 430, 0, 0, 0, 0, 630, 0, 1, 0, 0, 0, 0, 0, 0, 0, 0, 0, 43270, '2023-04-14 10:39:26', 2, 1),
(901, 19, '2023-04-13', 68, 0, 430, 0, 0, 0, 0, 403, 0, 15, 0, 0, 0, 0, 1400, 3, 0, 0, 0, 38054, '2023-04-14 10:41:49', 2, 1),
(902, 21, '2023-04-13', 67, 0, 430, 0, 0, 0, 0, 2584, 0, 6, 0, 0, 0, 0, 1400, 2, 0, 0, 0, 178508, '2023-04-14 10:42:29', 2, 1),
(903, 16, '2023-04-13', 68, 0, 430, 50, 0, 0, 0, 2726, 0, 13, 16, 0, 0, 0, 1400, 2, 0, 0, 0, 194558, '2023-04-14 10:43:25', 2, 1),
(904, 15, '2023-04-13', 68, 0, 430, 50, 0, 0, 0, 20, 0, 5, 16, 0, 0, 0, 0, 0, 0, 0, 0, 4310, '2023-04-14 10:44:03', 2, 1),
(905, 14, '2023-04-13', 68, 0, 430, 50, 0, 0, 0, 640, 0, 6, 8, 0, 0, 0, 0, 0, 0, 0, 0, 46500, '2023-04-14 10:44:36', 2, 1),
(906, 41, '2023-04-13', 0, 0, 430, 50, 0, 0, 0, 0, 0, 2, 8, 0, 0, 0, 0, 0, 0, 0, 0, 1260, '2023-04-14 10:44:56', 2, 1),
(907, 19, '2023-04-14', 68, 0, 430, 0, 0, 0, 0, 806, 0, 14, 0, 0, 0, 0, 1400, 4, 0, 0, 0, 66428, '2023-04-14 10:45:44', 2, 1),
(908, 39, '2023-04-14', 68, 0, 430, 50, 0, 0, 0, 530, 0, 3, 16, 0, 0, 0, 0, 0, 0, 0, 0, 38130, '2023-04-14 10:46:15', 2, 1),
(909, 15, '2023-04-14', 68, 0, 430, 50, 0, 0, 0, 805, 0, 11, 24, 0, 0, 0, 0, 0, 0, 0, 0, 60670, '2023-04-14 10:47:30', 2, 1),
(910, 15, '2023-04-15', 68, 0, 430, 50, 0, 0, 0, 675, 0, 9, 24, 0, 0, 0, 0, 0, 0, 0, 0, 50970, '2023-04-16 05:57:33', 2, 1),
(911, 39, '2023-04-15', 68, 0, 430, 50, 0, 0, 0, 1473, 0, 8, 40, 0, 0, 0, 0, 0, 0, 0, 0, 105604, '2023-04-16 05:59:51', 2, 1),
(912, 41, '2023-04-15', 0, 0, 450, 50, 0, 0, 0, 0, 0, 2, 8, 0, 0, 0, 0, 0, 0, 0, 0, 1300, '2023-04-16 06:00:28', 2, 1),
(913, 40, '2023-04-15', 68, 0, 0, 50, 0, 0, 0, 253, 0, 0, 8, 0, 0, 0, 0, 0, 0, 0, 0, 17604, '2023-04-16 06:01:10', 2, 1),
(914, 16, '2023-04-15', 68, 0, 430, 50, 0, 0, 0, 3241, 0, 5, 1, 0, 0, 0, 0, 0, 0, 0, 0, 222588, '2023-04-16 06:02:30', 2, 1),
(915, 46, '2023-04-15', 68, 0, 430, 0, 0, 0, 0, 606, 0, 2, 0, 0, 0, 0, 0, 0, 0, 0, 0, 42068, '2023-04-16 06:04:57', 2, 1),
(916, 19, '2023-04-15', 68, 0, 430, 0, 0, 0, 0, 403, 0, 12, 0, 0, 0, 0, 0, 0, 0, 0, 0, 32564, '2023-04-16 06:09:59', 2, 1),
(917, 17, '2023-04-15', 70, 0, 450, 50, 0, 0, 0, 500, 0, 6, 8, 0, 0, 0, 0, 0, 0, 0, 0, 38100, '2023-04-16 06:12:34', 2, 1),
(918, 14, '2023-04-15', 70, 0, 430, 0, 0, 0, 0, 100, 0, 3, 0, 0, 0, 0, 0, 0, 0, 0, 0, 8290, '2023-04-16 06:13:03', 2, 1),
(919, 21, '2023-04-15', 67, 0, 430, 0, 0, 0, 0, 1320, 0, 5, 0, 0, 0, 0, 0, 0, 0, 0, 0, 90590, '2023-04-16 06:13:34', 2, 1),
(920, 15, '2023-04-16', 68, 0, 430, 0, 0, 0, 0, 820, 0, 3, 0, 0, 0, 0, 0, 0, 0, 0, 0, 57050, '2023-04-16 06:14:56', 2, 1),
(921, 16, '2023-04-16', 68, 0, 430, 30, 0, 0, 0, 2317, 0, 6, 16, 0, 0, 0, 0, 0, 0, 0, 0, 160616, '2023-04-16 06:15:58', 2, 1),
(922, 17, '2023-04-16', 0, 0, 450, 50, 0, 0, 0, 0, 0, 6, 8, 0, 0, 0, 0, 0, 0, 0, 0, 3100, '2023-04-16 06:16:22', 2, 1),
(923, 39, '2023-04-16', 68, 0, 430, 50, 0, 0, 0, 1057, 0, 2, 8, 0, 0, 0, 0, 0, 0, 0, 0, 73136, '2023-04-16 06:17:37', 2, 1),
(924, 21, '2023-04-16', 67, 0, 430, 0, 0, 0, 0, 2476, 0, 4, 0, 0, 0, 0, 0, 0, 0, 0, 0, 167612, '2023-04-16 06:18:13', 2, 1),
(925, 19, '2023-04-16', 68, 0, 0, 0, 0, 0, 0, 403, 0, 0, 0, 0, 0, 0, 0, 0, 0, 0, 0, 27404, '2023-04-16 06:18:28', 2, 1),
(926, 40, '2023-04-16', 68, 0, 430, 0, 0, 0, 0, 190, 0, 1, 0, 0, 0, 0, 0, 0, 0, 0, 0, 13350, '2023-04-16 06:19:02', 2, 1),
(927, 46, '2023-04-16', 70, 0, 430, 0, 0, 0, 0, 200, 0, 2, 0, 0, 0, 0, 0, 0, 0, 0, 0, 14860, '2023-04-16 06:19:34', 2, 1),
(928, 14, '2023-04-16', 68, 0, 430, 50, 0, 0, 0, 1430, 0, 4, 8, 0, 0, 0, 0, 0, 0, 0, 0, 99360, '2023-04-16 06:20:15', 2, 1),
(929, 14, '2023-04-17', 68, 0, 430, 50, 0, 0, 0, 60, 0, 6, 16, 0, 0, 0, 0, 0, 0, 0, 0, 7460, '2023-04-21 05:55:03', 2, 1),
(930, 39, '2023-04-17', 68, 0, 430, 0, 0, 0, 0, 530, 0, 2, 0, 0, 0, 0, 0, 0, 0, 0, 0, 36900, '2023-04-21 05:55:44', 2, 1),
(931, 40, '2023-04-17', 68, 0, 430, 0, 0, 0, 0, 230, 0, 2, 0, 0, 0, 0, 0, 0, 0, 0, 0, 16500, '2023-04-21 05:56:11', 2, 1),
(932, 17, '2023-04-17', 0, 0, 430, 50, 0, 0, 0, 0, 0, 7, 8, 0, 0, 0, 0, 0, 0, 0, 0, 3410, '2023-04-21 05:56:33', 2, 1),
(933, 16, '2023-04-17', 0, 0, 430, 0, 0, 0, 0, 0, 0, 8, 0, 0, 0, 0, 0, 0, 0, 0, 0, 3440, '2023-04-21 05:57:03', 2, 1),
(934, 41, '2023-04-17', 68, 0, 430, 50, 0, 0, 0, 60, 0, 2, 8, 0, 0, 0, 0, 0, 0, 0, 0, 5340, '2023-04-21 05:57:30', 2, 1),
(935, 46, '2023-04-17', 68, 0, 430, 0, 0, 0, 0, 570, 0, 3, 0, 0, 0, 0, 0, 0, 0, 0, 0, 40050, '2023-04-21 05:58:38', 2, 1),
(936, 19, '2023-04-17', 68, 0, 0, 50, 0, 0, 0, 200, 0, 0, 24, 0, 0, 0, 0, 0, 0, 0, 0, 14800, '2023-04-21 05:59:07', 2, 1),
(937, 15, '2023-04-17', 68, 0, 430, 0, 0, 0, 0, 214, 0, 8, 0, 0, 0, 0, 0, 0, 0, 0, 0, 17992, '2023-04-21 05:59:39', 2, 1),
(938, 21, '2023-04-17', 0, 0, 430, 0, 0, 0, 0, 0, 0, 4, 0, 0, 0, 0, 0, 0, 0, 0, 0, 1720, '2023-04-21 05:59:56', 2, 1),
(939, 25, '2023-04-17', 70, 0, 0, 0, 0, 0, 0, 239, 0, 0, 0, 0, 0, 0, 0, 0, 0, 0, 0, 16730, '2023-04-21 06:00:15', 2, 1),
(940, 39, '2023-04-18', 68, 0, 430, 50, 0, 0, 0, 954, 0, 5, 8, 0, 0, 0, 0, 0, 0, 0, 0, 67422, '2023-04-21 06:01:16', 2, 1),
(941, 21, '2023-04-18', 0, 0, 430, 0, 0, 0, 0, 0, 0, 4, 0, 0, 0, 0, 0, 0, 0, 0, 0, 1720, '2023-04-21 06:01:38', 2, 1),
(942, 16, '2023-04-18', 0, 0, 430, 0, 0, 0, 0, 0, 0, 5, 0, 0, 0, 0, 1400, 1, 0, 0, 0, 3550, '2023-04-21 06:02:10', 2, 1),
(943, 14, '2023-04-18', 68, 0, 430, 50, 0, 0, 0, 100, 0, 4, 8, 0, 0, 0, 0, 0, 0, 0, 0, 8920, '2023-04-21 06:02:36', 2, 1),
(944, 17, '2023-04-18', 0, 0, 450, 50, 0, 0, 0, 0, 0, 5, 8, 0, 0, 0, 0, 0, 0, 0, 0, 2650, '2023-04-21 06:02:58', 2, 1),
(945, 15, '2023-04-18', 68, 0, 430, 50, 0, 0, 0, 517, 0, 6, 8, 0, 0, 0, 0, 0, 0, 0, 0, 38136, '2023-04-21 06:03:43', 2, 1),
(946, 40, '2023-04-18', 68, 0, 0, 50, 0, 0, 0, 253, 0, 0, 8, 0, 0, 0, 1400, 1, 0, 0, 0, 19004, '2023-04-21 06:04:12', 2, 1),
(947, 19, '2023-04-18', 68, 0, 430, 0, 0, 0, 0, 310, 0, 3, 0, 0, 0, 0, 0, 0, 0, 0, 0, 22370, '2023-04-21 06:04:37', 2, 1),
(948, 46, '2023-04-18', 68, 0, 0, 0, 0, 0, 0, 395, 0, 0, 0, 0, 0, 0, 1400, 1, 0, 0, 0, 28260, '2023-04-21 06:05:10', 2, 1),
(949, 15, '2023-04-19', 0, 0, 430, 0, 0, 0, 0, 0, 0, 3, 0, 0, 0, 0, 0, 0, 0, 0, 0, 1290, '2023-04-21 06:06:08', 2, 1),
(950, 14, '2023-04-19', 68, 0, 430, 50, 0, 0, 0, 702, 0, 10, 8, 0, 0, 0, 0, 0, 0, 0, 0, 52436, '2023-04-21 06:06:47', 2, 1),
(951, 40, '2023-04-19', 68, 0, 430, 0, 0, 0, 0, 253, 0, 1, 0, 0, 0, 0, 0, 0, 0, 0, 0, 17634, '2023-04-21 06:07:12', 2, 1),
(952, 16, '2023-04-19', 68, 0, 430, 50, 0, 0, 0, 1620, 0, 7, 8, 0, 0, 0, 0, 0, 0, 0, 0, 113570, '2023-04-21 06:07:55', 2, 1),
(953, 21, '2023-04-19', 68, 0, 0, 0, 0, 0, 0, 420, 0, 0, 0, 0, 0, 0, 0, 0, 0, 0, 0, 28560, '2023-04-21 06:08:19', 2, 1),
(954, 19, '2023-04-19', 0, 0, 0, 50, 0, 0, 0, 0, 0, 0, 72, 0, 0, 0, 0, 0, 0, 0, 0, 3600, '2023-04-21 06:08:38', 2, 1),
(955, 16, '2023-04-20', 68, 0, 430, 0, 0, 0, 0, 939, 0, 4, 0, 0, 0, 0, 0, 0, 0, 0, 0, 65572, '2023-04-21 06:09:33', 2, 1),
(956, 17, '2023-04-20', 0, 0, 430, 50, 0, 0, 0, 0, 0, 5, 8, 0, 0, 0, 0, 0, 0, 0, 0, 2550, '2023-04-21 06:09:54', 2, 1),
(957, 15, '2023-04-20', 68, 0, 430, 50, 0, 0, 0, 25, 0, 5, 8, 0, 0, 0, 0, 0, 0, 0, 0, 4250, '2023-04-21 06:10:29', 2, 1),
(958, 14, '2023-04-20', 68, 0, 430, 50, 0, 0, 0, 120, 0, 4, 8, 0, 0, 0, 1400, 1, 0, 0, 0, 11680, '2023-04-21 06:11:09', 2, 1),
(959, 40, '2023-04-20', 68, 0, 430, 0, 0, 0, 0, 230, 0, 2, 0, 0, 0, 0, 0, 0, 0, 0, 0, 16500, '2023-04-21 06:11:30', 2, 1),
(960, 39, '2023-04-20', 68, 0, 430, 50, 0, 0, 0, 1060, 0, 5, 8, 0, 0, 0, 0, 0, 0, 0, 0, 74630, '2023-04-21 06:12:11', 2, 1),
(961, 19, '2023-04-20', 0, 0, 0, 0, 0, 0, 0, 0, 0, 0, 0, 0, 0, 0, 1400, 1, 0, 0, 0, 1400, '2023-04-21 06:12:24', 2, 1),
(962, 21, '2023-04-20', 68, 0, 0, 0, 0, 0, 0, 520, 0, 0, 0, 0, 0, 0, 0, 0, 0, 0, 0, 35360, '2023-04-21 06:12:40', 2, 1),
(963, 16, '2023-04-21', 68, 0, 430, 0, 0, 0, 0, 1713, 0, 9, 0, 0, 0, 0, 1400, 1, 0, 0, 0, 121754, '2023-04-23 01:53:48', 2, 1),
(964, 46, '2023-04-21', 68, 0, 430, 50, 0, 0, 0, 419, 0, 3, 8, 0, 0, 0, 1400, 1, 0, 0, 0, 31582, '2023-04-23 01:54:32', 2, 1),
(965, 40, '2023-04-21', 68, 0, 0, 0, 0, 0, 0, 233, 0, 0, 0, 0, 0, 0, 0, 0, 0, 0, 0, 15844, '2023-04-23 01:54:52', 2, 1),
(966, 21, '2023-04-21', 68, 0, 430, 0, 0, 0, 0, 600, 0, 4, 0, 0, 0, 0, 0, 0, 0, 0, 0, 42520, '2023-04-23 01:55:15', 2, 1),
(967, 15, '2023-04-21', 68, 0, 430, 50, 0, 0, 0, 160, 0, 5, 8, 0, 0, 0, 0, 0, 0, 0, 0, 13430, '2023-04-23 01:55:53', 2, 1),
(968, 14, '2023-04-21', 68, 0, 0, 0, 0, 0, 0, 601, 0, 0, 0, 0, 0, 0, 0, 0, 0, 0, 0, 40868, '2023-04-23 01:56:46', 2, 1),
(969, 39, '2023-04-21', 68, 0, 430, 50, 0, 0, 0, 280, 0, 6, 8, 0, 0, 0, 0, 0, 0, 0, 0, 22020, '2023-04-23 01:58:03', 2, 1),
(970, 17, '2023-04-21', 0, 0, 430, 0, 0, 0, 0, 0, 0, 5, 0, 0, 0, 0, 0, 0, 0, 0, 0, 2150, '2023-04-23 01:58:39', 2, 1),
(971, 39, '2023-04-22', 68, 0, 430, 50, 0, 0, 0, 560, 0, 3, 16, 0, 0, 0, 0, 0, 0, 0, 0, 40170, '2023-04-23 02:27:00', 2, 1),
(972, 19, '2023-04-22', 68, 0, 0, 0, 0, 0, 0, 403, 0, 0, 0, 0, 0, 0, 0, 0, 0, 0, 0, 27404, '2023-04-23 02:27:16', 2, 1),
(973, 21, '2023-04-22', 68, 0, 430, 50, 0, 0, 0, 589, 0, 4, 2, 0, 0, 0, 0, 0, 0, 0, 0, 41872, '2023-04-23 02:27:50', 2, 1),
(974, 41, '2023-04-22', 0, 0, 430, 50, 0, 0, 0, 0, 0, 2, 8, 0, 0, 0, 0, 0, 0, 0, 0, 1260, '2023-04-23 02:28:14', 2, 1),
(975, 40, '2023-04-22', 68, 0, 0, 0, 0, 0, 0, 210, 0, 0, 0, 0, 0, 0, 0, 0, 0, 0, 0, 14280, '2023-04-23 02:28:36', 2, 1),
(976, 16, '2023-04-22', 68, 0, 430, 50, 0, 0, 0, 1626, 0, 8, 8, 0, 0, 0, 0, 0, 0, 0, 0, 114408, '2023-04-23 02:29:31', 2, 1),
(977, 14, '2023-04-22', 430, 0, 430, 0, 0, 0, 0, 70, 0, 4, 0, 0, 0, 0, 1500, 1, 0, 0, 0, 33320, '2023-04-23 02:30:02', 2, 1),
(978, 17, '2023-04-22', 0, 0, 430, 0, 0, 0, 0, 0, 0, 7, 0, 0, 0, 0, 0, 0, 0, 0, 0, 3010, '2023-04-23 02:30:21', 2, 1),
(979, 17, '2023-04-23', 0, 0, 450, 50, 0, 0, 0, 0, 0, 6, 8, 0, 0, 0, 0, 0, 0, 0, 0, 3100, '2023-04-23 04:51:17', 2, 1),
(980, 15, '2023-04-23', 0, 0, 430, 50, 0, 0, 0, 0, 0, 5, 8, 0, 0, 0, 0, 0, 0, 0, 0, 2550, '2023-04-23 04:51:39', 2, 1),
(981, 21, '2023-04-23', 67, 0, 430, 50, 0, 0, 0, 1120, 0, 3, 16, 0, 0, 0, 0, 0, 0, 0, 0, 77130, '2023-04-23 04:52:15', 2, 1),
(982, 16, '2023-04-23', 68, 0, 430, 50, 0, 0, 0, 1590, 0, 4, 8, 0, 0, 0, 0, 0, 0, 0, 0, 110240, '2023-04-23 04:53:00', 2, 1),
(983, 39, '2023-04-23', 68, 0, 430, 50, 0, 0, 0, 690, 0, 2, 16, 0, 0, 0, 0, 0, 0, 0, 0, 48580, '2023-04-23 04:53:37', 2, 1),
(984, 14, '2023-04-23', 0, 0, 430, 50, 0, 0, 0, 0, 0, 6, 8, 0, 0, 0, 0, 0, 0, 0, 0, 2980, '2023-04-23 04:54:03', 2, 1),
(985, 40, '2023-04-23', 68, 0, 0, 50, 0, 0, 0, 250, 0, 0, 8, 0, 0, 0, 0, 0, 0, 0, 0, 17400, '2023-04-23 04:54:25', 2, 1),
(986, 46, '2023-04-23', 68, 0, 0, 0, 0, 0, 0, 200, 0, 0, 0, 0, 0, 0, 0, 0, 0, 0, 0, 13600, '2023-04-23 04:55:12', 2, 1),
(987, 26, '2023-10-06', 60, 20, 400, 50, 0, 0, 0, 500, 500, 2, 1, 0, 0, 0, 0, 0, 0, 0, 0, 40850, '2023-10-07 13:25:44', 2, 1),
(988, 16, '2023-10-29', 60, 0, 0, 0, 0, 0, 0, 500, 0, 0, 0, 0, 0, 0, 0, 0, 0, 0, 0, 30000, '2023-10-29 09:51:28', 2, 1);

-- --------------------------------------------------------

--
-- Table structure for table `vendor`
--

CREATE TABLE `vendor` (
  `id` int(11) NOT NULL,
  `name` varchar(255) NOT NULL,
  `mobile` varchar(20) NOT NULL,
  `email` varchar(100) NOT NULL,
  `details` text NOT NULL,
  `address` text NOT NULL,
  `pending` double NOT NULL,
  `status` int(11) NOT NULL
) ENGINE=InnoDB DEFAULT CHARSET=utf8mb4 COLLATE=utf8mb4_general_ci;

--
-- Dumping data for table `vendor`
--

INSERT INTO `vendor` (`id`, `name`, `mobile`, `email`, `details`, `address`, `pending`, `status`) VALUES
(7, 'niyaj bhaiya', '9243977208', '', 'caret supplier ', 'kolar\r\n\r\n\r\n', 0, 1),
(8, 'farukh yellpure', '8329113114', '', 'caret supplier', 'kolhapuir', -5, 1);

--
-- Indexes for dumped tables
--

--
-- Indexes for table `customer`
--
ALTER TABLE `customer`
  ADD PRIMARY KEY (`id`),
  ADD UNIQUE KEY `mobile` (`mobile`),
  ADD UNIQUE KEY `name` (`name`);

--
-- Indexes for table `login`
--
ALTER TABLE `login`
  ADD PRIMARY KEY (`id`),
  ADD UNIQUE KEY `username` (`username`);

--
-- Indexes for table `payment_received`
--
ALTER TABLE `payment_received`
  ADD PRIMARY KEY (`id`);

--
-- Indexes for table `payment_send`
--
ALTER TABLE `payment_send`
  ADD PRIMARY KEY (`id`);

--
-- Indexes for table `purchase`
--
ALTER TABLE `purchase`
  ADD PRIMARY KEY (`id`);

--
-- Indexes for table `sales`
--
ALTER TABLE `sales`
  ADD PRIMARY KEY (`id`);

--
-- Indexes for table `vendor`
--
ALTER TABLE `vendor`
  ADD PRIMARY KEY (`id`),
  ADD UNIQUE KEY `mobile` (`mobile`),
  ADD UNIQUE KEY `name` (`name`);

--
-- AUTO_INCREMENT for dumped tables
--

--
-- AUTO_INCREMENT for table `customer`
--
ALTER TABLE `customer`
  MODIFY `id` int(11) NOT NULL AUTO_INCREMENT, AUTO_INCREMENT=47;

--
-- AUTO_INCREMENT for table `login`
--
ALTER TABLE `login`
  MODIFY `id` int(11) NOT NULL AUTO_INCREMENT, AUTO_INCREMENT=3;

--
-- AUTO_INCREMENT for table `payment_received`
--
ALTER TABLE `payment_received`
  MODIFY `id` int(11) NOT NULL AUTO_INCREMENT, AUTO_INCREMENT=103;

--
-- AUTO_INCREMENT for table `payment_send`
--
ALTER TABLE `payment_send`
  MODIFY `id` int(11) NOT NULL AUTO_INCREMENT, AUTO_INCREMENT=4;

--
-- AUTO_INCREMENT for table `purchase`
--
ALTER TABLE `purchase`
  MODIFY `id` int(11) NOT NULL AUTO_INCREMENT, AUTO_INCREMENT=22;

--
-- AUTO_INCREMENT for table `sales`
--
ALTER TABLE `sales`
  MODIFY `id` int(11) NOT NULL AUTO_INCREMENT, AUTO_INCREMENT=989;

--
-- AUTO_INCREMENT for table `vendor`
--
ALTER TABLE `vendor`
  MODIFY `id` int(11) NOT NULL AUTO_INCREMENT, AUTO_INCREMENT=9;
COMMIT;

/*!40101 SET CHARACTER_SET_CLIENT=@OLD_CHARACTER_SET_CLIENT */;
/*!40101 SET CHARACTER_SET_RESULTS=@OLD_CHARACTER_SET_RESULTS */;
/*!40101 SET COLLATION_CONNECTION=@OLD_COLLATION_CONNECTION */;
